Episode,Agent,Position,Total Reward
1,Agent_0,"(9, 9)",-929
1,Agent_1,"(9, 9)",-683
1,Agent_2,"(9, 9)",-623
1,Agent_3,"(9, 9)",-665
2,Agent_0,"(9, 9)",-118
2,Agent_1,"(9, 9)",-209
2,Agent_2,"(9, 9)",-69
2,Agent_3,"(9, 9)",-179
3,Agent_0,"(9, 9)",-158
3,Agent_1,"(9, 9)",-219
3,Agent_2,"(9, 9)",-224
3,Agent_3,"(9, 9)",-35
4,Agent_0,"(9, 9)",-57
4,Agent_1,"(9, 9)",-125
4,Agent_2,"(9, 9)",-240
4,Agent_3,"(9, 9)",-289
5,Agent_0,"(9, 9)",-195
5,Agent_1,"(9, 9)",-287
5,Agent_2,"(9, 9)",-257
5,Agent_3,"(9, 9)",-90
6,Agent_0,"(9, 9)",-176
6,Agent_1,"(9, 9)",-112
6,Agent_2,"(9, 9)",-73
6,Agent_3,"(9, 9)",-177
7,Agent_0,"(9, 9)",-149
7,Agent_1,"(9, 9)",-123
7,Agent_2,"(9, 9)",-99
7,Agent_3,"(9, 9)",-186
8,Agent_0,"(9, 9)",-147
8,Agent_1,"(9, 9)",-42
8,Agent_2,"(9, 9)",-182
8,Agent_3,"(9, 9)",-85
9,Agent_0,"(9, 9)",-59
9,Agent_1,"(9, 9)",-356
9,Agent_2,"(9, 9)",-213
9,Agent_3,"(9, 9)",-241
10,Agent_0,"(9, 9)",-174
10,Agent_1,"(9, 9)",-71
10,Agent_2,"(9, 9)",-148
10,Agent_3,"(9, 9)",-195
11,Agent_0,"(9, 9)",-119
11,Agent_1,"(9, 9)",-92
11,Agent_2,"(9, 9)",-280
11,Agent_3,"(9, 9)",-273
12,Agent_0,"(9, 9)",-346
12,Agent_1,"(9, 9)",-133
12,Agent_2,"(9, 9)",-125
12,Agent_3,"(9, 9)",-193
13,Agent_0,"(9, 9)",-331
13,Agent_1,"(9, 9)",-223
13,Agent_2,"(9, 9)",-132
13,Agent_3,"(9, 9)",-22
14,Agent_0,"(9, 9)",-28
14,Agent_1,"(9, 9)",-103
14,Agent_2,"(9, 9)",-189
14,Agent_3,"(9, 9)",-298
15,Agent_0,"(9, 9)",-222
15,Agent_1,"(9, 9)",-255
15,Agent_2,"(9, 9)",-443
15,Agent_3,"(9, 9)",-185
16,Agent_0,"(9, 9)",-53
16,Agent_1,"(9, 9)",-106
16,Agent_2,"(9, 9)",-147
16,Agent_3,"(9, 9)",-210
17,Agent_0,"(9, 9)",-164
17,Agent_1,"(9, 9)",-225
17,Agent_2,"(9, 9)",-229
17,Agent_3,"(9, 9)",-101
18,Agent_0,"(9, 9)",-85
18,Agent_1,"(9, 9)",-125
18,Agent_2,"(9, 9)",-68
18,Agent_3,"(9, 9)",-144
19,Agent_0,"(9, 9)",-103
19,Agent_1,"(9, 9)",-147
19,Agent_2,"(9, 9)",-57
19,Agent_3,"(9, 9)",-85
20,Agent_0,"(9, 9)",-190
20,Agent_1,"(9, 9)",-107
20,Agent_2,"(9, 9)",-36
20,Agent_3,"(9, 9)",-203
21,Agent_0,"(9, 9)",-161
21,Agent_1,"(9, 9)",-162
21,Agent_2,"(9, 9)",-225
21,Agent_3,"(9, 9)",-72
22,Agent_0,"(9, 9)",-226
22,Agent_1,"(9, 9)",-61
22,Agent_2,"(9, 9)",-132
22,Agent_3,"(9, 9)",-38
23,Agent_0,"(9, 9)",-116
23,Agent_1,"(9, 9)",-58
23,Agent_2,"(9, 9)",-91
23,Agent_3,"(9, 9)",-51
24,Agent_0,"(9, 9)",-56
24,Agent_1,"(9, 9)",-87
24,Agent_2,"(9, 9)",-55
24,Agent_3,"(9, 9)",-118
25,Agent_0,"(9, 9)",-57
25,Agent_1,"(9, 9)",-58
25,Agent_2,"(9, 9)",-20
25,Agent_3,"(9, 9)",-64
26,Agent_0,"(9, 9)",-29
26,Agent_1,"(9, 9)",-58
26,Agent_2,"(9, 9)",-87
26,Agent_3,"(9, 9)",-119
27,Agent_0,"(9, 9)",-45
27,Agent_1,"(9, 9)",-158
27,Agent_2,"(9, 9)",-26
27,Agent_3,"(9, 9)",-147
28,Agent_0,"(9, 9)",-18
28,Agent_1,"(9, 9)",-111
28,Agent_2,"(9, 9)",-122
28,Agent_3,"(9, 9)",-72
29,Agent_0,"(9, 9)",-42
29,Agent_1,"(9, 9)",-89
29,Agent_2,"(9, 9)",-57
29,Agent_3,"(9, 9)",-69
30,Agent_0,"(9, 9)",-155
30,Agent_1,"(9, 9)",-61
30,Agent_2,"(9, 9)",-91
30,Agent_3,"(9, 9)",-82
31,Agent_0,"(9, 9)",-151
31,Agent_1,"(9, 9)",-56
31,Agent_2,"(9, 9)",-60
31,Agent_3,"(9, 9)",-27
32,Agent_0,"(9, 9)",-48
32,Agent_1,"(9, 9)",-28
32,Agent_2,"(9, 9)",-77
32,Agent_3,"(9, 9)",-62
33,Agent_0,"(9, 9)",-29
33,Agent_1,"(9, 9)",-66
33,Agent_2,"(9, 9)",-28
33,Agent_3,"(9, 9)",-42
34,Agent_0,"(9, 9)",-96
34,Agent_1,"(9, 9)",-60
34,Agent_2,"(9, 9)",-11
34,Agent_3,"(9, 9)",-145
35,Agent_0,"(9, 9)",-29
35,Agent_1,"(9, 9)",-68
35,Agent_2,"(9, 9)",-178
35,Agent_3,"(9, 9)",-22
36,Agent_0,"(9, 9)",-124
36,Agent_1,"(9, 9)",-22
36,Agent_2,"(9, 9)",-68
36,Agent_3,"(9, 9)",-34
37,Agent_0,"(9, 9)",-82
37,Agent_1,"(9, 9)",-73
37,Agent_2,"(9, 9)",-33
37,Agent_3,"(9, 9)",-82
38,Agent_0,"(9, 9)",-47
38,Agent_1,"(9, 9)",-75
38,Agent_2,"(9, 9)",-104
38,Agent_3,"(9, 9)",-78
39,Agent_0,"(9, 9)",-102
39,Agent_1,"(9, 9)",-102
39,Agent_2,"(9, 9)",-51
39,Agent_3,"(9, 9)",-72
40,Agent_0,"(9, 9)",-42
40,Agent_1,"(9, 9)",-48
40,Agent_2,"(9, 9)",-55
40,Agent_3,"(9, 9)",-42
41,Agent_0,"(9, 9)",-23
41,Agent_1,"(9, 9)",-131
41,Agent_2,"(9, 9)",-41
41,Agent_3,"(9, 9)",-127
42,Agent_0,"(9, 9)",-51
42,Agent_1,"(9, 9)",-91
42,Agent_2,"(9, 9)",-111
42,Agent_3,"(9, 9)",-66
43,Agent_0,"(9, 9)",-89
43,Agent_1,"(9, 9)",-80
43,Agent_2,"(9, 9)",-87
43,Agent_3,"(9, 9)",-56
44,Agent_0,"(9, 9)",-169
44,Agent_1,"(9, 9)",-47
44,Agent_2,"(9, 9)",-74
44,Agent_3,"(9, 9)",-45
45,Agent_0,"(9, 9)",-20
45,Agent_1,"(9, 9)",-16
45,Agent_2,"(9, 9)",-48
45,Agent_3,"(9, 9)",-48
46,Agent_0,"(9, 9)",-14
46,Agent_1,"(9, 9)",-60
46,Agent_2,"(9, 9)",-75
46,Agent_3,"(9, 9)",-44
47,Agent_0,"(9, 9)",-64
47,Agent_1,"(9, 9)",-53
47,Agent_2,"(9, 9)",-59
47,Agent_3,"(9, 9)",-56
48,Agent_0,"(9, 9)",-57
48,Agent_1,"(9, 9)",-14
48,Agent_2,"(9, 9)",-41
48,Agent_3,"(9, 9)",-61
49,Agent_0,"(9, 9)",-59
49,Agent_1,"(9, 9)",-4
49,Agent_2,"(9, 9)",-70
49,Agent_3,"(9, 9)",-37
50,Agent_0,"(9, 9)",-75
50,Agent_1,"(9, 9)",-119
50,Agent_2,"(9, 9)",-23
50,Agent_3,"(9, 9)",-28
51,Agent_0,"(9, 9)",-21
51,Agent_1,"(9, 9)",-68
51,Agent_2,"(9, 9)",-40
51,Agent_3,"(9, 9)",-79
52,Agent_0,"(9, 9)",-51
52,Agent_1,"(9, 9)",-42
52,Agent_2,"(9, 9)",-79
52,Agent_3,"(9, 9)",-53
53,Agent_0,"(9, 9)",-25
53,Agent_1,"(9, 9)",-49
53,Agent_2,"(9, 9)",-66
53,Agent_3,"(9, 9)",-85
54,Agent_0,"(9, 9)",-20
54,Agent_1,"(9, 9)",-40
54,Agent_2,"(9, 9)",-36
54,Agent_3,"(9, 9)",-14
55,Agent_0,"(9, 9)",-57
55,Agent_1,"(9, 9)",-46
55,Agent_2,"(9, 9)",-39
55,Agent_3,"(9, 9)",-58
56,Agent_0,"(9, 9)",-53
56,Agent_1,"(9, 9)",-13
56,Agent_2,"(9, 9)",-69
56,Agent_3,"(9, 9)",-14
57,Agent_0,"(9, 9)",-50
57,Agent_1,"(9, 9)",-55
57,Agent_2,"(9, 9)",-40
57,Agent_3,"(9, 9)",-24
58,Agent_0,"(9, 9)",-69
58,Agent_1,"(9, 9)",-30
58,Agent_2,"(9, 9)",-64
58,Agent_3,"(9, 9)",-14
59,Agent_0,"(9, 9)",-5
59,Agent_1,"(9, 9)",-2
59,Agent_2,"(9, 9)",-37
59,Agent_3,"(9, 9)",-63
60,Agent_0,"(9, 9)",-33
60,Agent_1,"(9, 9)",-69
60,Agent_2,"(9, 9)",-95
60,Agent_3,"(9, 9)",-38
61,Agent_0,"(9, 9)",-88
61,Agent_1,"(9, 9)",-59
61,Agent_2,"(9, 9)",-5
61,Agent_3,"(9, 9)",-32
62,Agent_0,"(9, 9)",-23
62,Agent_1,"(9, 9)",-76
62,Agent_2,"(9, 9)",-33
62,Agent_3,"(9, 9)",-67
63,Agent_0,"(9, 9)",-7
63,Agent_1,"(9, 9)",-45
63,Agent_2,"(9, 9)",-41
63,Agent_3,"(9, 9)",-28
64,Agent_0,"(9, 9)",-42
64,Agent_1,"(9, 9)",-26
64,Agent_2,"(9, 9)",-40
64,Agent_3,"(9, 9)",-121
65,Agent_0,"(9, 9)",-16
65,Agent_1,"(9, 9)",-10
65,Agent_2,"(9, 9)",-49
65,Agent_3,"(9, 9)",-67
66,Agent_0,"(9, 9)",-26
66,Agent_1,"(9, 9)",-43
66,Agent_2,"(9, 9)",-20
66,Agent_3,"(9, 9)",-25
67,Agent_0,"(9, 9)",-56
67,Agent_1,"(9, 9)",-37
67,Agent_2,"(9, 9)",-35
67,Agent_3,"(9, 9)",-18
68,Agent_0,"(9, 9)",-69
68,Agent_1,"(9, 9)",-14
68,Agent_2,"(9, 9)",-38
68,Agent_3,"(9, 9)",-30
69,Agent_0,"(9, 9)",-69
69,Agent_1,"(9, 9)",-28
69,Agent_2,"(9, 9)",-50
69,Agent_3,"(9, 9)",-48
70,Agent_0,"(9, 9)",-85
70,Agent_1,"(9, 9)",-27
70,Agent_2,"(9, 9)",-68
70,Agent_3,"(9, 9)",-67
71,Agent_0,"(9, 9)",-19
71,Agent_1,"(9, 9)",-99
71,Agent_2,"(9, 9)",-29
71,Agent_3,"(9, 9)",-31
72,Agent_0,"(9, 9)",-27
72,Agent_1,"(9, 9)",-30
72,Agent_2,"(9, 9)",-30
72,Agent_3,"(9, 9)",-42
73,Agent_0,"(9, 9)",-51
73,Agent_1,"(9, 9)",-26
73,Agent_2,"(9, 9)",-24
73,Agent_3,"(9, 9)",-18
74,Agent_0,"(9, 9)",-49
74,Agent_1,"(9, 9)",-18
74,Agent_2,"(9, 9)",-11
74,Agent_3,"(9, 9)",-37
75,Agent_0,"(9, 9)",-10
75,Agent_1,"(9, 9)",-84
75,Agent_2,"(9, 9)",-22
75,Agent_3,"(9, 9)",-49
76,Agent_0,"(9, 9)",-72
76,Agent_1,"(9, 9)",-40
76,Agent_2,"(9, 9)",-82
76,Agent_3,"(9, 9)",-74
77,Agent_0,"(9, 9)",-58
77,Agent_1,"(9, 9)",-19
77,Agent_2,"(9, 9)",-48
77,Agent_3,"(9, 9)",-11
78,Agent_0,"(9, 9)",-16
78,Agent_1,"(9, 9)",-30
78,Agent_2,"(9, 9)",-34
78,Agent_3,"(9, 9)",-53
79,Agent_0,"(9, 9)",-34
79,Agent_1,"(9, 9)",-27
79,Agent_2,"(9, 9)",-32
79,Agent_3,"(9, 9)",-26
80,Agent_0,"(9, 9)",-41
80,Agent_1,"(9, 9)",-20
80,Agent_2,"(9, 9)",-4
80,Agent_3,"(9, 9)",-10
81,Agent_0,"(9, 9)",-10
81,Agent_1,"(9, 9)",-34
81,Agent_2,"(9, 9)",-100
81,Agent_3,"(9, 9)",-30
82,Agent_0,"(9, 9)",-46
82,Agent_1,"(9, 9)",-16
82,Agent_2,"(9, 9)",-15
82,Agent_3,"(9, 9)",-7
83,Agent_0,"(9, 9)",-50
83,Agent_1,"(9, 9)",-31
83,Agent_2,"(9, 9)",-18
83,Agent_3,"(9, 9)",-34
84,Agent_0,"(9, 9)",-26
84,Agent_1,"(9, 9)",-27
84,Agent_2,"(9, 9)",-36
84,Agent_3,"(9, 9)",-36
85,Agent_0,"(9, 9)",-32
85,Agent_1,"(9, 9)",-75
85,Agent_2,"(9, 9)",-54
85,Agent_3,"(9, 9)",-36
86,Agent_0,"(9, 9)",-25
86,Agent_1,"(9, 9)",-29
86,Agent_2,"(9, 9)",-24
86,Agent_3,"(9, 9)",-34
87,Agent_0,"(9, 9)",-30
87,Agent_1,"(9, 9)",-8
87,Agent_2,"(9, 9)",-14
87,Agent_3,"(9, 9)",-49
88,Agent_0,"(9, 9)",-2
88,Agent_1,"(9, 9)",-5
88,Agent_2,"(9, 9)",-42
88,Agent_3,"(9, 9)",-49
89,Agent_0,"(9, 9)",-3
89,Agent_1,"(9, 9)",-39
89,Agent_2,"(9, 9)",-31
89,Agent_3,"(9, 9)",-12
90,Agent_0,"(9, 9)",-49
90,Agent_1,"(9, 9)",-44
90,Agent_2,"(9, 9)",-21
90,Agent_3,"(9, 9)",-13
91,Agent_0,"(9, 9)",-46
91,Agent_1,"(9, 9)",-9
91,Agent_2,"(9, 9)",-46
91,Agent_3,"(9, 9)",-12
92,Agent_0,"(9, 9)",-25
92,Agent_1,"(9, 9)",-17
92,Agent_2,"(9, 9)",-32
92,Agent_3,"(9, 9)",-15
93,Agent_0,"(9, 9)",-11
93,Agent_1,"(9, 9)",-28
93,Agent_2,"(9, 9)",-6
93,Agent_3,"(9, 9)",-44
94,Agent_0,"(9, 9)",-10
94,Agent_1,"(9, 9)",0
94,Agent_2,"(9, 9)",0
94,Agent_3,"(9, 9)",0
95,Agent_0,"(9, 9)",-38
95,Agent_1,"(9, 9)",-75
95,Agent_2,"(9, 9)",-24
95,Agent_3,"(9, 9)",-51
96,Agent_0,"(9, 9)",-24
96,Agent_1,"(9, 9)",-51
96,Agent_2,"(9, 9)",-57
96,Agent_3,"(9, 9)",-11
97,Agent_0,"(9, 9)",-57
97,Agent_1,"(9, 9)",-63
97,Agent_2,"(9, 9)",-52
97,Agent_3,"(9, 9)",-45
98,Agent_0,"(9, 9)",-22
98,Agent_1,"(9, 9)",-11
98,Agent_2,"(9, 9)",-63
98,Agent_3,"(9, 9)",-9
99,Agent_0,"(9, 9)",-30
99,Agent_1,"(9, 9)",-14
99,Agent_2,"(9, 9)",-5
99,Agent_3,"(9, 9)",-18
100,Agent_0,"(9, 9)",-11
100,Agent_1,"(9, 9)",-32
100,Agent_2,"(9, 9)",-7
100,Agent_3,"(9, 9)",-31
101,Agent_0,"(9, 9)",-52
101,Agent_1,"(9, 9)",-14
101,Agent_2,"(9, 9)",-22
101,Agent_3,"(9, 9)",-41
102,Agent_0,"(9, 9)",-28
102,Agent_1,"(9, 9)",-31
102,Agent_2,"(9, 9)",-40
102,Agent_3,"(9, 9)",-50
103,Agent_0,"(9, 9)",-20
103,Agent_1,"(9, 9)",-23
103,Agent_2,"(9, 9)",-43
103,Agent_3,"(9, 9)",-25
104,Agent_0,"(9, 9)",-37
104,Agent_1,"(9, 9)",-8
104,Agent_2,"(9, 9)",-13
104,Agent_3,"(9, 9)",-21
105,Agent_0,"(9, 9)",-12
105,Agent_1,"(9, 9)",-38
105,Agent_2,"(9, 9)",-32
105,Agent_3,"(9, 9)",-21
106,Agent_0,"(9, 9)",-5
106,Agent_1,"(9, 9)",-10
106,Agent_2,"(9, 9)",-33
106,Agent_3,"(9, 9)",-11
107,Agent_0,"(9, 9)",-25
107,Agent_1,"(9, 9)",-18
107,Agent_2,"(9, 9)",-36
107,Agent_3,"(9, 9)",-29
108,Agent_0,"(9, 9)",-27
108,Agent_1,"(9, 9)",-19
108,Agent_2,"(9, 9)",-17
108,Agent_3,"(9, 9)",-15
109,Agent_0,"(9, 9)",-67
109,Agent_1,"(9, 9)",-14
109,Agent_2,"(9, 9)",-7
109,Agent_3,"(9, 9)",-34
110,Agent_0,"(9, 9)",-23
110,Agent_1,"(9, 9)",-35
110,Agent_2,"(9, 9)",-7
110,Agent_3,"(9, 9)",-9
111,Agent_0,"(9, 9)",-9
111,Agent_1,"(9, 9)",-12
111,Agent_2,"(9, 9)",-14
111,Agent_3,"(9, 9)",-26
112,Agent_0,"(9, 9)",-18
112,Agent_1,"(9, 9)",-16
112,Agent_2,"(9, 9)",-42
112,Agent_3,"(9, 9)",-10
113,Agent_0,"(9, 9)",-13
113,Agent_1,"(9, 9)",-19
113,Agent_2,"(9, 9)",-28
113,Agent_3,"(9, 9)",-48
114,Agent_0,"(9, 9)",-4
114,Agent_1,"(9, 9)",-13
114,Agent_2,"(9, 9)",-12
114,Agent_3,"(9, 9)",-21
115,Agent_0,"(9, 9)",-17
115,Agent_1,"(9, 9)",-24
115,Agent_2,"(9, 9)",-12
115,Agent_3,"(9, 9)",-33
116,Agent_0,"(9, 9)",-19
116,Agent_1,"(9, 9)",-24
116,Agent_2,"(9, 9)",-27
116,Agent_3,"(9, 9)",-25
117,Agent_0,"(9, 9)",-59
117,Agent_1,"(9, 9)",-19
117,Agent_2,"(9, 9)",-32
117,Agent_3,"(9, 9)",-8
118,Agent_0,"(9, 9)",-12
118,Agent_1,"(9, 9)",-50
118,Agent_2,"(9, 9)",-24
118,Agent_3,"(9, 9)",-8
119,Agent_0,"(9, 9)",-25
119,Agent_1,"(9, 9)",-48
119,Agent_2,"(9, 9)",-23
119,Agent_3,"(9, 9)",-26
120,Agent_0,"(9, 9)",-41
120,Agent_1,"(9, 9)",-34
120,Agent_2,"(9, 9)",-22
120,Agent_3,"(9, 9)",-14
121,Agent_0,"(9, 9)",-11
121,Agent_1,"(9, 9)",-23
121,Agent_2,"(9, 9)",-28
121,Agent_3,"(9, 9)",-38
122,Agent_0,"(9, 9)",-28
122,Agent_1,"(9, 9)",-23
122,Agent_2,"(9, 9)",-16
122,Agent_3,"(9, 9)",-29
123,Agent_0,"(9, 9)",-30
123,Agent_1,"(9, 9)",-12
123,Agent_2,"(9, 9)",-15
123,Agent_3,"(9, 9)",-14
124,Agent_0,"(9, 9)",-2
124,Agent_1,"(9, 9)",-18
124,Agent_2,"(9, 9)",-31
124,Agent_3,"(9, 9)",-19
125,Agent_0,"(9, 9)",-2
125,Agent_1,"(9, 9)",-29
125,Agent_2,"(9, 9)",-29
125,Agent_3,"(9, 9)",-42
126,Agent_0,"(9, 9)",-34
126,Agent_1,"(9, 9)",-7
126,Agent_2,"(9, 9)",-1
126,Agent_3,"(9, 9)",-19
127,Agent_0,"(9, 9)",-29
127,Agent_1,"(9, 9)",-16
127,Agent_2,"(9, 9)",-41
127,Agent_3,"(9, 9)",-16
128,Agent_0,"(9, 9)",-39
128,Agent_1,"(9, 9)",-26
128,Agent_2,"(9, 9)",-9
128,Agent_3,"(9, 9)",-4
129,Agent_0,"(9, 9)",-2
129,Agent_1,"(9, 9)",-14
129,Agent_2,"(9, 9)",-10
129,Agent_3,"(9, 9)",-31
130,Agent_0,"(9, 9)",-40
130,Agent_1,"(9, 9)",-11
130,Agent_2,"(9, 9)",-11
130,Agent_3,"(9, 9)",-20
131,Agent_0,"(9, 9)",-15
131,Agent_1,"(9, 9)",-12
131,Agent_2,"(9, 9)",-31
131,Agent_3,"(9, 9)",-4
132,Agent_0,"(9, 9)",-17
132,Agent_1,"(9, 9)",-15
132,Agent_2,"(9, 9)",-14
132,Agent_3,"(9, 9)",-4
133,Agent_0,"(9, 9)",-18
133,Agent_1,"(9, 9)",1
133,Agent_2,"(9, 9)",-51
133,Agent_3,"(9, 9)",-11
134,Agent_0,"(9, 9)",-19
134,Agent_1,"(9, 9)",-28
134,Agent_2,"(9, 9)",-16
134,Agent_3,"(9, 9)",-10
135,Agent_0,"(9, 9)",-12
135,Agent_1,"(9, 9)",2
135,Agent_2,"(9, 9)",-3
135,Agent_3,"(9, 9)",-43
136,Agent_0,"(9, 9)",-29
136,Agent_1,"(9, 9)",-8
136,Agent_2,"(9, 9)",-3
136,Agent_3,"(9, 9)",-56
137,Agent_0,"(9, 9)",-5
137,Agent_1,"(9, 9)",-20
137,Agent_2,"(9, 9)",-15
137,Agent_3,"(9, 9)",-18
138,Agent_0,"(9, 9)",-5
138,Agent_1,"(9, 9)",-19
138,Agent_2,"(9, 9)",-26
138,Agent_3,"(9, 9)",-9
139,Agent_0,"(9, 9)",-16
139,Agent_1,"(9, 9)",-37
139,Agent_2,"(9, 9)",-43
139,Agent_3,"(9, 9)",-20
140,Agent_0,"(9, 9)",-11
140,Agent_1,"(9, 9)",-5
140,Agent_2,"(9, 9)",-16
140,Agent_3,"(9, 9)",-4
141,Agent_0,"(9, 9)",-8
141,Agent_1,"(9, 9)",-34
141,Agent_2,"(9, 9)",-29
141,Agent_3,"(9, 9)",-21
142,Agent_0,"(9, 9)",-23
142,Agent_1,"(9, 9)",-13
142,Agent_2,"(9, 9)",-47
142,Agent_3,"(9, 9)",-17
143,Agent_0,"(9, 9)",-17
143,Agent_1,"(9, 9)",-6
143,Agent_2,"(9, 9)",-7
143,Agent_3,"(9, 9)",-13
144,Agent_0,"(9, 9)",-19
144,Agent_1,"(9, 9)",-17
144,Agent_2,"(9, 9)",-1
144,Agent_3,"(9, 9)",-12
145,Agent_0,"(9, 9)",-5
145,Agent_1,"(9, 9)",-9
145,Agent_2,"(9, 9)",-4
145,Agent_3,"(9, 9)",-12
146,Agent_0,"(9, 9)",-4
146,Agent_1,"(9, 9)",-5
146,Agent_2,"(9, 9)",-21
146,Agent_3,"(9, 9)",-26
147,Agent_0,"(9, 9)",-33
147,Agent_1,"(9, 9)",-14
147,Agent_2,"(9, 9)",-10
147,Agent_3,"(9, 9)",-28
148,Agent_0,"(9, 9)",-19
148,Agent_1,"(9, 9)",-13
148,Agent_2,"(9, 9)",-9
148,Agent_3,"(9, 9)",-12
149,Agent_0,"(9, 9)",-29
149,Agent_1,"(9, 9)",-22
149,Agent_2,"(9, 9)",-22
149,Agent_3,"(9, 9)",-16
150,Agent_0,"(9, 9)",-4
150,Agent_1,"(9, 9)",-20
150,Agent_2,"(9, 9)",-20
150,Agent_3,"(9, 9)",-7
151,Agent_0,"(9, 9)",-36
151,Agent_1,"(9, 9)",-48
151,Agent_2,"(9, 9)",-17
151,Agent_3,"(9, 9)",-4
152,Agent_0,"(9, 9)",-9
152,Agent_1,"(9, 9)",-29
152,Agent_2,"(9, 9)",-30
152,Agent_3,"(9, 9)",-2
153,Agent_0,"(9, 9)",-23
153,Agent_1,"(9, 9)",-7
153,Agent_2,"(9, 9)",-2
153,Agent_3,"(9, 9)",-13
154,Agent_0,"(9, 9)",-7
154,Agent_1,"(9, 9)",-22
154,Agent_2,"(9, 9)",-15
154,Agent_3,"(9, 9)",-7
155,Agent_0,"(9, 9)",-15
155,Agent_1,"(9, 9)",-1
155,Agent_2,"(9, 9)",-21
155,Agent_3,"(9, 9)",-32
156,Agent_0,"(9, 9)",-9
156,Agent_1,"(9, 9)",-1
156,Agent_2,"(9, 9)",-25
156,Agent_3,"(9, 9)",-4
157,Agent_0,"(9, 9)",2
157,Agent_1,"(9, 9)",-23
157,Agent_2,"(9, 9)",0
157,Agent_3,"(9, 9)",-4
158,Agent_0,"(9, 9)",-15
158,Agent_1,"(9, 9)",-24
158,Agent_2,"(9, 9)",-16
158,Agent_3,"(9, 9)",-11
159,Agent_0,"(9, 9)",-9
159,Agent_1,"(9, 9)",-14
159,Agent_2,"(9, 9)",-9
159,Agent_3,"(9, 9)",-18
160,Agent_0,"(9, 9)",-22
160,Agent_1,"(9, 9)",-17
160,Agent_2,"(9, 9)",-13
160,Agent_3,"(9, 9)",-27
161,Agent_0,"(9, 9)",-29
161,Agent_1,"(9, 9)",-10
161,Agent_2,"(9, 9)",-11
161,Agent_3,"(9, 9)",-6
162,Agent_0,"(9, 9)",-23
162,Agent_1,"(9, 9)",-6
162,Agent_2,"(9, 9)",-37
162,Agent_3,"(9, 9)",-5
163,Agent_0,"(9, 9)",-1
163,Agent_1,"(9, 9)",-17
163,Agent_2,"(9, 9)",-13
163,Agent_3,"(9, 9)",-28
164,Agent_0,"(9, 9)",-12
164,Agent_1,"(9, 9)",2
164,Agent_2,"(9, 9)",-1
164,Agent_3,"(9, 9)",-25
165,Agent_0,"(9, 9)",-12
165,Agent_1,"(9, 9)",-30
165,Agent_2,"(9, 9)",-21
165,Agent_3,"(9, 9)",-24
166,Agent_0,"(9, 9)",-9
166,Agent_1,"(9, 9)",-22
166,Agent_2,"(9, 9)",-15
166,Agent_3,"(9, 9)",-22
167,Agent_0,"(9, 9)",-8
167,Agent_1,"(9, 9)",-25
167,Agent_2,"(9, 9)",-6
167,Agent_3,"(9, 9)",-8
168,Agent_0,"(9, 9)",-5
168,Agent_1,"(9, 9)",-5
168,Agent_2,"(9, 9)",-4
168,Agent_3,"(9, 9)",-41
169,Agent_0,"(9, 9)",-20
169,Agent_1,"(9, 9)",-5
169,Agent_2,"(9, 9)",-15
169,Agent_3,"(9, 9)",0
170,Agent_0,"(9, 9)",-18
170,Agent_1,"(9, 9)",-10
170,Agent_2,"(9, 9)",-11
170,Agent_3,"(9, 9)",-27
171,Agent_0,"(9, 9)",-1
171,Agent_1,"(9, 9)",-7
171,Agent_2,"(9, 9)",-21
171,Agent_3,"(9, 9)",-9
172,Agent_0,"(9, 9)",-3
172,Agent_1,"(9, 9)",-12
172,Agent_2,"(9, 9)",-5
172,Agent_3,"(9, 9)",-14
173,Agent_0,"(9, 9)",0
173,Agent_1,"(9, 9)",-2
173,Agent_2,"(9, 9)",-12
173,Agent_3,"(9, 9)",-15
174,Agent_0,"(9, 9)",-12
174,Agent_1,"(9, 9)",-17
174,Agent_2,"(9, 9)",-5
174,Agent_3,"(9, 9)",-6
175,Agent_0,"(9, 9)",-7
175,Agent_1,"(9, 9)",-6
175,Agent_2,"(9, 9)",-4
175,Agent_3,"(9, 9)",-3
176,Agent_0,"(9, 9)",-30
176,Agent_1,"(9, 9)",-14
176,Agent_2,"(9, 9)",-5
176,Agent_3,"(9, 9)",-4
177,Agent_0,"(9, 9)",-33
177,Agent_1,"(9, 9)",-9
177,Agent_2,"(9, 9)",-6
177,Agent_3,"(9, 9)",-4
178,Agent_0,"(9, 9)",-20
178,Agent_1,"(9, 9)",-2
178,Agent_2,"(9, 9)",-6
178,Agent_3,"(9, 9)",-19
179,Agent_0,"(9, 9)",-16
179,Agent_1,"(9, 9)",-11
179,Agent_2,"(9, 9)",-18
179,Agent_3,"(9, 9)",-6
180,Agent_0,"(9, 9)",0
180,Agent_1,"(9, 9)",-10
180,Agent_2,"(9, 9)",-23
180,Agent_3,"(9, 9)",-11
181,Agent_0,"(9, 9)",-16
181,Agent_1,"(9, 9)",-17
181,Agent_2,"(9, 9)",-8
181,Agent_3,"(9, 9)",-18
182,Agent_0,"(9, 9)",-8
182,Agent_1,"(9, 9)",-15
182,Agent_2,"(9, 9)",-19
182,Agent_3,"(9, 9)",-13
183,Agent_0,"(9, 9)",-7
183,Agent_1,"(9, 9)",-14
183,Agent_2,"(9, 9)",-15
183,Agent_3,"(9, 9)",-8
184,Agent_0,"(9, 9)",-5
184,Agent_1,"(9, 9)",-16
184,Agent_2,"(9, 9)",-20
184,Agent_3,"(9, 9)",-12
185,Agent_0,"(9, 9)",-5
185,Agent_1,"(9, 9)",-6
185,Agent_2,"(9, 9)",-5
185,Agent_3,"(9, 9)",-7
186,Agent_0,"(9, 9)",-17
186,Agent_1,"(9, 9)",-12
186,Agent_2,"(9, 9)",-6
186,Agent_3,"(9, 9)",-10
187,Agent_0,"(9, 9)",-7
187,Agent_1,"(9, 9)",0
187,Agent_2,"(9, 9)",-16
187,Agent_3,"(9, 9)",-17
188,Agent_0,"(9, 9)",-21
188,Agent_1,"(9, 9)",-8
188,Agent_2,"(9, 9)",-18
188,Agent_3,"(9, 9)",-13
189,Agent_0,"(9, 9)",-10
189,Agent_1,"(9, 9)",-19
189,Agent_2,"(9, 9)",-18
189,Agent_3,"(9, 9)",-8
190,Agent_0,"(9, 9)",-3
190,Agent_1,"(9, 9)",-19
190,Agent_2,"(9, 9)",-2
190,Agent_3,"(9, 9)",-3
191,Agent_0,"(9, 9)",-9
191,Agent_1,"(9, 9)",-6
191,Agent_2,"(9, 9)",-9
191,Agent_3,"(9, 9)",-15
192,Agent_0,"(9, 9)",-13
192,Agent_1,"(9, 9)",0
192,Agent_2,"(9, 9)",3
192,Agent_3,"(9, 9)",1
193,Agent_0,"(9, 9)",-13
193,Agent_1,"(9, 9)",-15
193,Agent_2,"(9, 9)",-22
193,Agent_3,"(9, 9)",-9
194,Agent_0,"(9, 9)",-22
194,Agent_1,"(9, 9)",-14
194,Agent_2,"(9, 9)",-7
194,Agent_3,"(9, 9)",-20
195,Agent_0,"(9, 9)",-7
195,Agent_1,"(9, 9)",-7
195,Agent_2,"(9, 9)",-7
195,Agent_3,"(9, 9)",-3
196,Agent_0,"(9, 9)",-1
196,Agent_1,"(9, 9)",1
196,Agent_2,"(9, 9)",-16
196,Agent_3,"(9, 9)",-9
197,Agent_0,"(9, 9)",-10
197,Agent_1,"(9, 9)",-6
197,Agent_2,"(9, 9)",-9
197,Agent_3,"(9, 9)",-23
198,Agent_0,"(9, 9)",-17
198,Agent_1,"(9, 9)",-7
198,Agent_2,"(9, 9)",-3
198,Agent_3,"(9, 9)",-22
199,Agent_0,"(9, 9)",-7
199,Agent_1,"(9, 9)",-25
199,Agent_2,"(9, 9)",-7
199,Agent_3,"(9, 9)",-9
200,Agent_0,"(9, 9)",-5
200,Agent_1,"(9, 9)",-12
200,Agent_2,"(9, 9)",-16
200,Agent_3,"(9, 9)",2
201,Agent_0,"(9, 9)",-14
201,Agent_1,"(9, 9)",-1
201,Agent_2,"(9, 9)",-11
201,Agent_3,"(9, 9)",-3
202,Agent_0,"(9, 9)",-11
202,Agent_1,"(9, 9)",-5
202,Agent_2,"(9, 9)",-10
202,Agent_3,"(9, 9)",-9
203,Agent_0,"(9, 9)",-5
203,Agent_1,"(9, 9)",-9
203,Agent_2,"(9, 9)",0
203,Agent_3,"(9, 9)",-9
204,Agent_0,"(9, 9)",-7
204,Agent_1,"(9, 9)",-1
204,Agent_2,"(9, 9)",-3
204,Agent_3,"(9, 9)",-12
205,Agent_0,"(9, 9)",-20
205,Agent_1,"(9, 9)",-25
205,Agent_2,"(9, 9)",-15
205,Agent_3,"(9, 9)",-8
206,Agent_0,"(9, 9)",-7
206,Agent_1,"(9, 9)",-7
206,Agent_2,"(9, 9)",-5
206,Agent_3,"(9, 9)",-16
207,Agent_0,"(9, 9)",-12
207,Agent_1,"(9, 9)",-8
207,Agent_2,"(9, 9)",-3
207,Agent_3,"(9, 9)",-1
208,Agent_0,"(9, 9)",-11
208,Agent_1,"(9, 9)",-21
208,Agent_2,"(9, 9)",-5
208,Agent_3,"(9, 9)",-6
209,Agent_0,"(9, 9)",0
209,Agent_1,"(9, 9)",-14
209,Agent_2,"(9, 9)",-16
209,Agent_3,"(9, 9)",-3
210,Agent_0,"(9, 9)",-4
210,Agent_1,"(9, 9)",-6
210,Agent_2,"(9, 9)",-23
210,Agent_3,"(9, 9)",-6
211,Agent_0,"(9, 9)",-10
211,Agent_1,"(9, 9)",-20
211,Agent_2,"(9, 9)",-13
211,Agent_3,"(9, 9)",-2
212,Agent_0,"(9, 9)",-9
212,Agent_1,"(9, 9)",-3
212,Agent_2,"(9, 9)",-6
212,Agent_3,"(9, 9)",0
213,Agent_0,"(9, 9)",-18
213,Agent_1,"(9, 9)",-5
213,Agent_2,"(9, 9)",-9
213,Agent_3,"(9, 9)",-16
214,Agent_0,"(9, 9)",-4
214,Agent_1,"(9, 9)",-3
214,Agent_2,"(9, 9)",-1
214,Agent_3,"(9, 9)",-2
215,Agent_0,"(9, 9)",-2
215,Agent_1,"(9, 9)",-13
215,Agent_2,"(9, 9)",-5
215,Agent_3,"(9, 9)",-8
216,Agent_0,"(9, 9)",-18
216,Agent_1,"(9, 9)",-1
216,Agent_2,"(9, 9)",-16
216,Agent_3,"(9, 9)",-7
217,Agent_0,"(9, 9)",-2
217,Agent_1,"(9, 9)",2
217,Agent_2,"(9, 9)",-3
217,Agent_3,"(9, 9)",-7
218,Agent_0,"(9, 9)",-11
218,Agent_1,"(9, 9)",-3
218,Agent_2,"(9, 9)",-3
218,Agent_3,"(9, 9)",-16
219,Agent_0,"(9, 9)",-6
219,Agent_1,"(9, 9)",-3
219,Agent_2,"(9, 9)",-19
219,Agent_3,"(9, 9)",-7
220,Agent_0,"(9, 9)",-9
220,Agent_1,"(9, 9)",-7
220,Agent_2,"(9, 9)",-7
220,Agent_3,"(9, 9)",-3
221,Agent_0,"(9, 9)",-6
221,Agent_1,"(9, 9)",-11
221,Agent_2,"(9, 9)",-5
221,Agent_3,"(9, 9)",-10
222,Agent_0,"(9, 9)",-9
222,Agent_1,"(9, 9)",-22
222,Agent_2,"(9, 9)",-6
222,Agent_3,"(9, 9)",-9
223,Agent_0,"(9, 9)",0
223,Agent_1,"(9, 9)",-8
223,Agent_2,"(9, 9)",1
223,Agent_3,"(9, 9)",-6
224,Agent_0,"(9, 9)",-7
224,Agent_1,"(9, 9)",-9
224,Agent_2,"(9, 9)",-31
224,Agent_3,"(9, 9)",2
225,Agent_0,"(9, 9)",-8
225,Agent_1,"(9, 9)",-7
225,Agent_2,"(9, 9)",1
225,Agent_3,"(9, 9)",-4
226,Agent_0,"(9, 9)",-13
226,Agent_1,"(9, 9)",-1
226,Agent_2,"(9, 9)",2
226,Agent_3,"(9, 9)",-3
227,Agent_0,"(9, 9)",-6
227,Agent_1,"(9, 9)",-4
227,Agent_2,"(9, 9)",-8
227,Agent_3,"(9, 9)",-1
228,Agent_0,"(9, 9)",-3
228,Agent_1,"(9, 9)",-2
228,Agent_2,"(9, 9)",-12
228,Agent_3,"(9, 9)",1
229,Agent_0,"(9, 9)",-2
229,Agent_1,"(9, 9)",-3
229,Agent_2,"(9, 9)",-8
229,Agent_3,"(9, 9)",-1
230,Agent_0,"(9, 9)",-8
230,Agent_1,"(9, 9)",-2
230,Agent_2,"(9, 9)",-3
230,Agent_3,"(9, 9)",-9
231,Agent_0,"(9, 9)",-11
231,Agent_1,"(9, 9)",-13
231,Agent_2,"(9, 9)",-4
231,Agent_3,"(9, 9)",-15
232,Agent_0,"(9, 9)",-2
232,Agent_1,"(9, 9)",-8
232,Agent_2,"(9, 9)",-17
232,Agent_3,"(9, 9)",-4
233,Agent_0,"(9, 9)",-5
233,Agent_1,"(9, 9)",-13
233,Agent_2,"(9, 9)",-3
233,Agent_3,"(9, 9)",-1
234,Agent_0,"(9, 9)",-2
234,Agent_1,"(9, 9)",-21
234,Agent_2,"(9, 9)",-2
234,Agent_3,"(9, 9)",-12
235,Agent_0,"(9, 9)",-8
235,Agent_1,"(9, 9)",-2
235,Agent_2,"(9, 9)",-2
235,Agent_3,"(9, 9)",-1
236,Agent_0,"(9, 9)",-7
236,Agent_1,"(9, 9)",-8
236,Agent_2,"(9, 9)",-13
236,Agent_3,"(9, 9)",-8
237,Agent_0,"(9, 9)",-4
237,Agent_1,"(9, 9)",-16
237,Agent_2,"(9, 9)",-10
237,Agent_3,"(9, 9)",-13
238,Agent_0,"(9, 9)",-11
238,Agent_1,"(9, 9)",-8
238,Agent_2,"(9, 9)",-1
238,Agent_3,"(9, 9)",-5
239,Agent_0,"(9, 9)",-4
239,Agent_1,"(9, 9)",-2
239,Agent_2,"(9, 9)",1
239,Agent_3,"(9, 9)",-8
240,Agent_0,"(9, 9)",-1
240,Agent_1,"(9, 9)",-4
240,Agent_2,"(9, 9)",-10
240,Agent_3,"(9, 9)",-8
241,Agent_0,"(9, 9)",-8
241,Agent_1,"(9, 9)",-3
241,Agent_2,"(9, 9)",-9
241,Agent_3,"(9, 9)",-1
242,Agent_0,"(9, 9)",-15
242,Agent_1,"(9, 9)",-6
242,Agent_2,"(9, 9)",-9
242,Agent_3,"(9, 9)",-6
243,Agent_0,"(9, 9)",-10
243,Agent_1,"(9, 9)",-3
243,Agent_2,"(9, 9)",-5
243,Agent_3,"(9, 9)",-17
244,Agent_0,"(9, 9)",3
244,Agent_1,"(9, 9)",0
244,Agent_2,"(9, 9)",0
244,Agent_3,"(9, 9)",-7
245,Agent_0,"(9, 9)",-2
245,Agent_1,"(9, 9)",-5
245,Agent_2,"(9, 9)",-18
245,Agent_3,"(9, 9)",1
246,Agent_0,"(9, 9)",-1
246,Agent_1,"(9, 9)",-3
246,Agent_2,"(9, 9)",-10
246,Agent_3,"(9, 9)",-2
247,Agent_0,"(9, 9)",0
247,Agent_1,"(9, 9)",-13
247,Agent_2,"(9, 9)",-4
247,Agent_3,"(9, 9)",-3
248,Agent_0,"(9, 9)",-1
248,Agent_1,"(9, 9)",-2
248,Agent_2,"(9, 9)",-8
248,Agent_3,"(9, 9)",-9
249,Agent_0,"(9, 9)",-1
249,Agent_1,"(9, 9)",1
249,Agent_2,"(9, 9)",-1
249,Agent_3,"(9, 9)",0
250,Agent_0,"(9, 9)",-18
250,Agent_1,"(9, 9)",-2
250,Agent_2,"(9, 9)",-2
250,Agent_3,"(9, 9)",-4
251,Agent_0,"(9, 9)",-2
251,Agent_1,"(9, 9)",-1
251,Agent_2,"(9, 9)",0
251,Agent_3,"(9, 9)",0
252,Agent_0,"(9, 9)",2
252,Agent_1,"(9, 9)",-15
252,Agent_2,"(9, 9)",-7
252,Agent_3,"(9, 9)",-1
253,Agent_0,"(9, 9)",-15
253,Agent_1,"(9, 9)",-10
253,Agent_2,"(9, 9)",-3
253,Agent_3,"(9, 9)",-5
254,Agent_0,"(9, 9)",-4
254,Agent_1,"(9, 9)",-3
254,Agent_2,"(9, 9)",-1
254,Agent_3,"(9, 9)",-3
255,Agent_0,"(9, 9)",-5
255,Agent_1,"(9, 9)",-11
255,Agent_2,"(9, 9)",-6
255,Agent_3,"(9, 9)",-5
256,Agent_0,"(9, 9)",-6
256,Agent_1,"(9, 9)",2
256,Agent_2,"(9, 9)",-3
256,Agent_3,"(9, 9)",-10
257,Agent_0,"(9, 9)",-15
257,Agent_1,"(9, 9)",-9
257,Agent_2,"(9, 9)",-7
257,Agent_3,"(9, 9)",-7
258,Agent_0,"(9, 9)",-2
258,Agent_1,"(9, 9)",-6
258,Agent_2,"(9, 9)",-8
258,Agent_3,"(9, 9)",-3
259,Agent_0,"(9, 9)",-3
259,Agent_1,"(9, 9)",-2
259,Agent_2,"(9, 9)",-10
259,Agent_3,"(9, 9)",2
260,Agent_0,"(9, 9)",-2
260,Agent_1,"(9, 9)",0
260,Agent_2,"(9, 9)",-13
260,Agent_3,"(9, 9)",-6
261,Agent_0,"(9, 9)",-3
261,Agent_1,"(9, 9)",-12
261,Agent_2,"(9, 9)",-2
261,Agent_3,"(9, 9)",-7
262,Agent_0,"(9, 9)",-6
262,Agent_1,"(9, 9)",-6
262,Agent_2,"(9, 9)",2
262,Agent_3,"(9, 9)",1
263,Agent_0,"(9, 9)",-1
263,Agent_1,"(9, 9)",-8
263,Agent_2,"(9, 9)",0
263,Agent_3,"(9, 9)",-15
264,Agent_0,"(9, 9)",-3
264,Agent_1,"(9, 9)",-5
264,Agent_2,"(9, 9)",-1
264,Agent_3,"(9, 9)",-5
265,Agent_0,"(9, 9)",-5
265,Agent_1,"(9, 9)",-6
265,Agent_2,"(9, 9)",-1
265,Agent_3,"(9, 9)",-5
266,Agent_0,"(9, 9)",-3
266,Agent_1,"(9, 9)",-1
266,Agent_2,"(9, 9)",-9
266,Agent_3,"(9, 9)",1
267,Agent_0,"(9, 9)",0
267,Agent_1,"(9, 9)",-13
267,Agent_2,"(9, 9)",-2
267,Agent_3,"(9, 9)",-8
268,Agent_0,"(9, 9)",-1
268,Agent_1,"(9, 9)",-3
268,Agent_2,"(9, 9)",-4
268,Agent_3,"(9, 9)",-3
269,Agent_0,"(9, 9)",-8
269,Agent_1,"(9, 9)",-3
269,Agent_2,"(9, 9)",-3
269,Agent_3,"(9, 9)",-1
270,Agent_0,"(9, 9)",1
270,Agent_1,"(9, 9)",-1
270,Agent_2,"(9, 9)",-19
270,Agent_3,"(9, 9)",-4
271,Agent_0,"(9, 9)",-3
271,Agent_1,"(9, 9)",-7
271,Agent_2,"(9, 9)",-7
271,Agent_3,"(9, 9)",-2
272,Agent_0,"(9, 9)",-9
272,Agent_1,"(9, 9)",-9
272,Agent_2,"(9, 9)",-8
272,Agent_3,"(9, 9)",-1
273,Agent_0,"(9, 9)",0
273,Agent_1,"(9, 9)",-10
273,Agent_2,"(9, 9)",-9
273,Agent_3,"(9, 9)",2
274,Agent_0,"(9, 9)",-7
274,Agent_1,"(9, 9)",-1
274,Agent_2,"(9, 9)",-2
274,Agent_3,"(9, 9)",-2
275,Agent_0,"(9, 9)",0
275,Agent_1,"(9, 9)",-8
275,Agent_2,"(9, 9)",-1
275,Agent_3,"(9, 9)",-13
276,Agent_0,"(9, 9)",-3
276,Agent_1,"(9, 9)",-2
276,Agent_2,"(9, 9)",-6
276,Agent_3,"(9, 9)",-3
277,Agent_0,"(9, 9)",-2
277,Agent_1,"(9, 9)",3
277,Agent_2,"(9, 9)",-3
277,Agent_3,"(9, 9)",-1
278,Agent_0,"(9, 9)",-3
278,Agent_1,"(9, 9)",1
278,Agent_2,"(9, 9)",-6
278,Agent_3,"(9, 9)",-1
279,Agent_0,"(9, 9)",-4
279,Agent_1,"(9, 9)",-3
279,Agent_2,"(9, 9)",-17
279,Agent_3,"(9, 9)",-4
280,Agent_0,"(9, 9)",2
280,Agent_1,"(9, 9)",-11
280,Agent_2,"(9, 9)",1
280,Agent_3,"(9, 9)",0
281,Agent_0,"(9, 9)",1
281,Agent_1,"(9, 9)",3
281,Agent_2,"(9, 9)",-5
281,Agent_3,"(9, 9)",0
282,Agent_0,"(9, 9)",-5
282,Agent_1,"(9, 9)",-13
282,Agent_2,"(9, 9)",3
282,Agent_3,"(9, 9)",0
283,Agent_0,"(9, 9)",-3
283,Agent_1,"(9, 9)",-2
283,Agent_2,"(9, 9)",3
283,Agent_3,"(9, 9)",1
284,Agent_0,"(9, 9)",-6
284,Agent_1,"(9, 9)",-4
284,Agent_2,"(9, 9)",-2
284,Agent_3,"(9, 9)",-2
285,Agent_0,"(9, 9)",-5
285,Agent_1,"(9, 9)",1
285,Agent_2,"(9, 9)",-1
285,Agent_3,"(9, 9)",-9
286,Agent_0,"(9, 9)",-14
286,Agent_1,"(9, 9)",-3
286,Agent_2,"(9, 9)",-3
286,Agent_3,"(9, 9)",-5
287,Agent_0,"(9, 9)",-3
287,Agent_1,"(9, 9)",1
287,Agent_2,"(9, 9)",-10
287,Agent_3,"(9, 9)",0
288,Agent_0,"(9, 9)",-5
288,Agent_1,"(9, 9)",-19
288,Agent_2,"(9, 9)",3
288,Agent_3,"(9, 9)",1
289,Agent_0,"(9, 9)",-2
289,Agent_1,"(9, 9)",-6
289,Agent_2,"(9, 9)",-5
289,Agent_3,"(9, 9)",-15
290,Agent_0,"(9, 9)",-6
290,Agent_1,"(9, 9)",-7
290,Agent_2,"(9, 9)",-8
290,Agent_3,"(9, 9)",-8
291,Agent_0,"(9, 9)",-5
291,Agent_1,"(9, 9)",-2
291,Agent_2,"(9, 9)",3
291,Agent_3,"(9, 9)",2
292,Agent_0,"(9, 9)",-1
292,Agent_1,"(9, 9)",-4
292,Agent_2,"(9, 9)",-5
292,Agent_3,"(9, 9)",0
293,Agent_0,"(9, 9)",1
293,Agent_1,"(9, 9)",1
293,Agent_2,"(9, 9)",-1
293,Agent_3,"(9, 9)",1
294,Agent_0,"(9, 9)",2
294,Agent_1,"(9, 9)",-2
294,Agent_2,"(9, 9)",0
294,Agent_3,"(9, 9)",-2
295,Agent_0,"(9, 9)",-6
295,Agent_1,"(9, 9)",3
295,Agent_2,"(9, 9)",3
295,Agent_3,"(9, 9)",-3
296,Agent_0,"(9, 9)",-4
296,Agent_1,"(9, 9)",-6
296,Agent_2,"(9, 9)",-5
296,Agent_3,"(9, 9)",-2
297,Agent_0,"(9, 9)",-3
297,Agent_1,"(9, 9)",2
297,Agent_2,"(9, 9)",-5
297,Agent_3,"(9, 9)",-8
298,Agent_0,"(9, 9)",-6
298,Agent_1,"(9, 9)",-4
298,Agent_2,"(9, 9)",-4
298,Agent_3,"(9, 9)",0
299,Agent_0,"(9, 9)",-5
299,Agent_1,"(9, 9)",-4
299,Agent_2,"(9, 9)",-4
299,Agent_3,"(9, 9)",1
300,Agent_0,"(9, 9)",0
300,Agent_1,"(9, 9)",0
300,Agent_2,"(9, 9)",-2
300,Agent_3,"(9, 9)",-2
301,Agent_0,"(9, 9)",-9
301,Agent_1,"(9, 9)",1
301,Agent_2,"(9, 9)",0
301,Agent_3,"(9, 9)",2
302,Agent_0,"(9, 9)",3
302,Agent_1,"(9, 9)",-2
302,Agent_2,"(9, 9)",-2
302,Agent_3,"(9, 9)",-2
303,Agent_0,"(9, 9)",-1
303,Agent_1,"(9, 9)",-8
303,Agent_2,"(9, 9)",1
303,Agent_3,"(9, 9)",-8
304,Agent_0,"(9, 9)",0
304,Agent_1,"(9, 9)",1
304,Agent_2,"(9, 9)",-11
304,Agent_3,"(9, 9)",2
305,Agent_0,"(9, 9)",-1
305,Agent_1,"(9, 9)",2
305,Agent_2,"(9, 9)",1
305,Agent_3,"(9, 9)",-3
306,Agent_0,"(9, 9)",3
306,Agent_1,"(9, 9)",0
306,Agent_2,"(9, 9)",-3
306,Agent_3,"(9, 9)",-1
307,Agent_0,"(9, 9)",-2
307,Agent_1,"(9, 9)",-5
307,Agent_2,"(9, 9)",-3
307,Agent_3,"(9, 9)",-2
308,Agent_0,"(9, 9)",1
308,Agent_1,"(9, 9)",1
308,Agent_2,"(9, 9)",-4
308,Agent_3,"(9, 9)",-1
309,Agent_0,"(9, 9)",-2
309,Agent_1,"(9, 9)",-7
309,Agent_2,"(9, 9)",0
309,Agent_3,"(9, 9)",-5
310,Agent_0,"(9, 9)",0
310,Agent_1,"(9, 9)",-6
310,Agent_2,"(9, 9)",2
310,Agent_3,"(9, 9)",2
311,Agent_0,"(9, 9)",-3
311,Agent_1,"(9, 9)",0
311,Agent_2,"(9, 9)",-6
311,Agent_3,"(9, 9)",-1
312,Agent_0,"(9, 9)",0
312,Agent_1,"(9, 9)",-1
312,Agent_2,"(9, 9)",3
312,Agent_3,"(9, 9)",-1
313,Agent_0,"(9, 9)",-2
313,Agent_1,"(9, 9)",-11
313,Agent_2,"(9, 9)",0
313,Agent_3,"(9, 9)",-4
314,Agent_0,"(9, 9)",-2
314,Agent_1,"(9, 9)",-3
314,Agent_2,"(9, 9)",3
314,Agent_3,"(9, 9)",1
315,Agent_0,"(9, 9)",3
315,Agent_1,"(9, 9)",2
315,Agent_2,"(9, 9)",3
315,Agent_3,"(9, 9)",1
316,Agent_0,"(9, 9)",-6
316,Agent_1,"(9, 9)",2
316,Agent_2,"(9, 9)",-3
316,Agent_3,"(9, 9)",-6
317,Agent_0,"(9, 9)",2
317,Agent_1,"(9, 9)",2
317,Agent_2,"(9, 9)",-12
317,Agent_3,"(9, 9)",1
318,Agent_0,"(9, 9)",-1
318,Agent_1,"(9, 9)",1
318,Agent_2,"(9, 9)",-8
318,Agent_3,"(9, 9)",1
319,Agent_0,"(9, 9)",3
319,Agent_1,"(9, 9)",-7
319,Agent_2,"(9, 9)",2
319,Agent_3,"(9, 9)",-1
320,Agent_0,"(9, 9)",-2
320,Agent_1,"(9, 9)",0
320,Agent_2,"(9, 9)",3
320,Agent_3,"(9, 9)",-4
321,Agent_0,"(9, 9)",-2
321,Agent_1,"(9, 9)",-2
321,Agent_2,"(9, 9)",3
321,Agent_3,"(9, 9)",-3
322,Agent_0,"(9, 9)",-5
322,Agent_1,"(9, 9)",2
322,Agent_2,"(9, 9)",-4
322,Agent_3,"(9, 9)",-5
323,Agent_0,"(9, 9)",2
323,Agent_1,"(9, 9)",-12
323,Agent_2,"(9, 9)",3
323,Agent_3,"(9, 9)",-1
324,Agent_0,"(9, 9)",-5
324,Agent_1,"(9, 9)",-1
324,Agent_2,"(9, 9)",1
324,Agent_3,"(9, 9)",3
325,Agent_0,"(9, 9)",2
325,Agent_1,"(9, 9)",-4
325,Agent_2,"(9, 9)",3
325,Agent_3,"(9, 9)",0
326,Agent_0,"(9, 9)",-3
326,Agent_1,"(9, 9)",0
326,Agent_2,"(9, 9)",0
326,Agent_3,"(9, 9)",-6
327,Agent_0,"(9, 9)",1
327,Agent_1,"(9, 9)",-4
327,Agent_2,"(9, 9)",3
327,Agent_3,"(9, 9)",1
328,Agent_0,"(9, 9)",1
328,Agent_1,"(9, 9)",3
328,Agent_2,"(9, 9)",-6
328,Agent_3,"(9, 9)",-1
329,Agent_0,"(9, 9)",1
329,Agent_1,"(9, 9)",-6
329,Agent_2,"(9, 9)",1
329,Agent_3,"(9, 9)",2
330,Agent_0,"(9, 9)",-1
330,Agent_1,"(9, 9)",-1
330,Agent_2,"(9, 9)",-8
330,Agent_3,"(9, 9)",2
331,Agent_0,"(9, 9)",-4
331,Agent_1,"(9, 9)",-10
331,Agent_2,"(9, 9)",3
331,Agent_3,"(9, 9)",-2
332,Agent_0,"(9, 9)",3
332,Agent_1,"(9, 9)",-1
332,Agent_2,"(9, 9)",1
332,Agent_3,"(9, 9)",-4
333,Agent_0,"(9, 9)",-2
333,Agent_1,"(9, 9)",0
333,Agent_2,"(9, 9)",-1
333,Agent_3,"(9, 9)",-1
334,Agent_0,"(9, 9)",-1
334,Agent_1,"(9, 9)",3
334,Agent_2,"(9, 9)",0
334,Agent_3,"(9, 9)",-5
335,Agent_0,"(9, 9)",1
335,Agent_1,"(9, 9)",0
335,Agent_2,"(9, 9)",1
335,Agent_3,"(9, 9)",1
336,Agent_0,"(9, 9)",2
336,Agent_1,"(9, 9)",3
336,Agent_2,"(9, 9)",1
336,Agent_3,"(9, 9)",-3
337,Agent_0,"(9, 9)",-5
337,Agent_1,"(9, 9)",-1
337,Agent_2,"(9, 9)",1
337,Agent_3,"(9, 9)",3
338,Agent_0,"(9, 9)",0
338,Agent_1,"(9, 9)",-4
338,Agent_2,"(9, 9)",1
338,Agent_3,"(9, 9)",3
339,Agent_0,"(9, 9)",-3
339,Agent_1,"(9, 9)",2
339,Agent_2,"(9, 9)",-3
339,Agent_3,"(9, 9)",3
340,Agent_0,"(9, 9)",1
340,Agent_1,"(9, 9)",-5
340,Agent_2,"(9, 9)",0
340,Agent_3,"(9, 9)",3
341,Agent_0,"(9, 9)",0
341,Agent_1,"(9, 9)",2
341,Agent_2,"(9, 9)",-4
341,Agent_3,"(9, 9)",1
342,Agent_0,"(9, 9)",-4
342,Agent_1,"(9, 9)",2
342,Agent_2,"(9, 9)",-6
342,Agent_3,"(9, 9)",0
343,Agent_0,"(9, 9)",-3
343,Agent_1,"(9, 9)",-1
343,Agent_2,"(9, 9)",3
343,Agent_3,"(9, 9)",0
344,Agent_0,"(9, 9)",0
344,Agent_1,"(9, 9)",-5
344,Agent_2,"(9, 9)",3
344,Agent_3,"(9, 9)",2
345,Agent_0,"(9, 9)",-1
345,Agent_1,"(9, 9)",2
345,Agent_2,"(9, 9)",3
345,Agent_3,"(9, 9)",-4
346,Agent_0,"(9, 9)",0
346,Agent_1,"(9, 9)",1
346,Agent_2,"(9, 9)",2
346,Agent_3,"(9, 9)",0
347,Agent_0,"(9, 9)",-1
347,Agent_1,"(9, 9)",-1
347,Agent_2,"(9, 9)",2
347,Agent_3,"(9, 9)",-1
348,Agent_0,"(9, 9)",1
348,Agent_1,"(9, 9)",-7
348,Agent_2,"(9, 9)",-3
348,Agent_3,"(9, 9)",1
349,Agent_0,"(9, 9)",1
349,Agent_1,"(9, 9)",-1
349,Agent_2,"(9, 9)",-1
349,Agent_3,"(9, 9)",1
350,Agent_0,"(9, 9)",-1
350,Agent_1,"(9, 9)",-1
350,Agent_2,"(9, 9)",3
350,Agent_3,"(9, 9)",0
351,Agent_0,"(9, 9)",0
351,Agent_1,"(9, 9)",1
351,Agent_2,"(9, 9)",3
351,Agent_3,"(9, 9)",3
352,Agent_0,"(9, 9)",-2
352,Agent_1,"(9, 9)",3
352,Agent_2,"(9, 9)",-1
352,Agent_3,"(9, 9)",3
353,Agent_0,"(9, 9)",3
353,Agent_1,"(9, 9)",0
353,Agent_2,"(9, 9)",-2
353,Agent_3,"(9, 9)",-1
354,Agent_0,"(9, 9)",-2
354,Agent_1,"(9, 9)",3
354,Agent_2,"(9, 9)",-5
354,Agent_3,"(9, 9)",3
355,Agent_0,"(9, 9)",3
355,Agent_1,"(9, 9)",-3
355,Agent_2,"(9, 9)",-1
355,Agent_3,"(9, 9)",3
356,Agent_0,"(9, 9)",1
356,Agent_1,"(9, 9)",3
356,Agent_2,"(9, 9)",0
356,Agent_3,"(9, 9)",2
357,Agent_0,"(9, 9)",2
357,Agent_1,"(9, 9)",3
357,Agent_2,"(9, 9)",-2
357,Agent_3,"(9, 9)",0
358,Agent_0,"(9, 9)",-2
358,Agent_1,"(9, 9)",0
358,Agent_2,"(9, 9)",-2
358,Agent_3,"(9, 9)",-1
359,Agent_0,"(9, 9)",2
359,Agent_1,"(9, 9)",-1
359,Agent_2,"(9, 9)",-4
359,Agent_3,"(9, 9)",1
360,Agent_0,"(9, 9)",0
360,Agent_1,"(9, 9)",-7
360,Agent_2,"(9, 9)",1
360,Agent_3,"(9, 9)",3
361,Agent_0,"(9, 9)",-2
361,Agent_1,"(9, 9)",-2
361,Agent_2,"(9, 9)",1
361,Agent_3,"(9, 9)",-1
362,Agent_0,"(9, 9)",3
362,Agent_1,"(9, 9)",-6
362,Agent_2,"(9, 9)",1
362,Agent_3,"(9, 9)",-2
363,Agent_0,"(9, 9)",-1
363,Agent_1,"(9, 9)",1
363,Agent_2,"(9, 9)",0
363,Agent_3,"(9, 9)",1
364,Agent_0,"(9, 9)",3
364,Agent_1,"(9, 9)",1
364,Agent_2,"(9, 9)",-1
364,Agent_3,"(9, 9)",1
365,Agent_0,"(9, 9)",-2
365,Agent_1,"(9, 9)",-4
365,Agent_2,"(9, 9)",-3
365,Agent_3,"(9, 9)",3
366,Agent_0,"(9, 9)",3
366,Agent_1,"(9, 9)",1
366,Agent_2,"(9, 9)",2
366,Agent_3,"(9, 9)",-1
367,Agent_0,"(9, 9)",-1
367,Agent_1,"(9, 9)",-1
367,Agent_2,"(9, 9)",3
367,Agent_3,"(9, 9)",0
368,Agent_0,"(9, 9)",2
368,Agent_1,"(9, 9)",3
368,Agent_2,"(9, 9)",-2
368,Agent_3,"(9, 9)",3
369,Agent_0,"(9, 9)",1
369,Agent_1,"(9, 9)",3
369,Agent_2,"(9, 9)",-1
369,Agent_3,"(9, 9)",1
370,Agent_0,"(9, 9)",2
370,Agent_1,"(9, 9)",1
370,Agent_2,"(9, 9)",0
370,Agent_3,"(9, 9)",0
371,Agent_0,"(9, 9)",2
371,Agent_1,"(9, 9)",2
371,Agent_2,"(9, 9)",0
371,Agent_3,"(9, 9)",-1
372,Agent_0,"(9, 9)",3
372,Agent_1,"(9, 9)",2
372,Agent_2,"(9, 9)",1
372,Agent_3,"(9, 9)",-2
373,Agent_0,"(9, 9)",3
373,Agent_1,"(9, 9)",-3
373,Agent_2,"(9, 9)",1
373,Agent_3,"(9, 9)",1
374,Agent_0,"(9, 9)",-1
374,Agent_1,"(9, 9)",3
374,Agent_2,"(9, 9)",2
374,Agent_3,"(9, 9)",3
375,Agent_0,"(9, 9)",1
375,Agent_1,"(9, 9)",1
375,Agent_2,"(9, 9)",3
375,Agent_3,"(9, 9)",3
376,Agent_0,"(9, 9)",-3
376,Agent_1,"(9, 9)",-2
376,Agent_2,"(9, 9)",1
376,Agent_3,"(9, 9)",1
377,Agent_0,"(9, 9)",-3
377,Agent_1,"(9, 9)",-3
377,Agent_2,"(9, 9)",1
377,Agent_3,"(9, 9)",1
378,Agent_0,"(9, 9)",-1
378,Agent_1,"(9, 9)",0
378,Agent_2,"(9, 9)",0
378,Agent_3,"(9, 9)",0
379,Agent_0,"(9, 9)",3
379,Agent_1,"(9, 9)",3
379,Agent_2,"(9, 9)",3
379,Agent_3,"(9, 9)",1
380,Agent_0,"(9, 9)",3
380,Agent_1,"(9, 9)",2
380,Agent_2,"(9, 9)",1
380,Agent_3,"(9, 9)",1
381,Agent_0,"(9, 9)",3
381,Agent_1,"(9, 9)",-1
381,Agent_2,"(9, 9)",3
381,Agent_3,"(9, 9)",3
382,Agent_0,"(9, 9)",0
382,Agent_1,"(9, 9)",1
382,Agent_2,"(9, 9)",3
382,Agent_3,"(9, 9)",1
383,Agent_0,"(9, 9)",3
383,Agent_1,"(9, 9)",-1
383,Agent_2,"(9, 9)",0
383,Agent_3,"(9, 9)",-1
384,Agent_0,"(9, 9)",2
384,Agent_1,"(9, 9)",1
384,Agent_2,"(9, 9)",3
384,Agent_3,"(9, 9)",3
385,Agent_0,"(9, 9)",3
385,Agent_1,"(9, 9)",-2
385,Agent_2,"(9, 9)",-5
385,Agent_3,"(9, 9)",2
386,Agent_0,"(9, 9)",3
386,Agent_1,"(9, 9)",-3
386,Agent_2,"(9, 9)",3
386,Agent_3,"(9, 9)",1
387,Agent_0,"(9, 9)",3
387,Agent_1,"(9, 9)",1
387,Agent_2,"(9, 9)",-4
387,Agent_3,"(9, 9)",3
388,Agent_0,"(9, 9)",1
388,Agent_1,"(9, 9)",-2
388,Agent_2,"(9, 9)",3
388,Agent_3,"(9, 9)",1
389,Agent_0,"(9, 9)",-1
389,Agent_1,"(9, 9)",3
389,Agent_2,"(9, 9)",-3
389,Agent_3,"(9, 9)",1
390,Agent_0,"(9, 9)",1
390,Agent_1,"(9, 9)",1
390,Agent_2,"(9, 9)",1
390,Agent_3,"(9, 9)",3
391,Agent_0,"(9, 9)",-1
391,Agent_1,"(9, 9)",-5
391,Agent_2,"(9, 9)",-1
391,Agent_3,"(9, 9)",1
392,Agent_0,"(9, 9)",3
392,Agent_1,"(9, 9)",2
392,Agent_2,"(9, 9)",1
392,Agent_3,"(9, 9)",-1
393,Agent_0,"(9, 9)",3
393,Agent_1,"(9, 9)",1
393,Agent_2,"(9, 9)",1
393,Agent_3,"(9, 9)",3
394,Agent_0,"(9, 9)",3
394,Agent_1,"(9, 9)",1
394,Agent_2,"(9, 9)",3
394,Agent_3,"(9, 9)",1
395,Agent_0,"(9, 9)",3
395,Agent_1,"(9, 9)",3
395,Agent_2,"(9, 9)",-1
395,Agent_3,"(9, 9)",1
396,Agent_0,"(9, 9)",1
396,Agent_1,"(9, 9)",-6
396,Agent_2,"(9, 9)",1
396,Agent_3,"(9, 9)",0
397,Agent_0,"(9, 9)",1
397,Agent_1,"(9, 9)",2
397,Agent_2,"(9, 9)",-3
397,Agent_3,"(9, 9)",-5
398,Agent_0,"(9, 9)",1
398,Agent_1,"(9, 9)",-1
398,Agent_2,"(9, 9)",-4
398,Agent_3,"(9, 9)",1
399,Agent_0,"(9, 9)",-4
399,Agent_1,"(9, 9)",-2
399,Agent_2,"(9, 9)",-3
399,Agent_3,"(9, 9)",1
400,Agent_0,"(9, 9)",1
400,Agent_1,"(9, 9)",1
400,Agent_2,"(9, 9)",-2
400,Agent_3,"(9, 9)",3
401,Agent_0,"(9, 9)",1
401,Agent_1,"(9, 9)",3
401,Agent_2,"(9, 9)",3
401,Agent_3,"(9, 9)",2
402,Agent_0,"(9, 9)",1
402,Agent_1,"(9, 9)",3
402,Agent_2,"(9, 9)",1
402,Agent_3,"(9, 9)",-5
403,Agent_0,"(9, 9)",1
403,Agent_1,"(9, 9)",-3
403,Agent_2,"(9, 9)",3
403,Agent_3,"(9, 9)",3
404,Agent_0,"(9, 9)",2
404,Agent_1,"(9, 9)",1
404,Agent_2,"(9, 9)",-1
404,Agent_3,"(9, 9)",0
405,Agent_0,"(9, 9)",1
405,Agent_1,"(9, 9)",0
405,Agent_2,"(9, 9)",-1
405,Agent_3,"(9, 9)",1
406,Agent_0,"(9, 9)",-1
406,Agent_1,"(9, 9)",1
406,Agent_2,"(9, 9)",3
406,Agent_3,"(9, 9)",-2
407,Agent_0,"(9, 9)",-1
407,Agent_1,"(9, 9)",1
407,Agent_2,"(9, 9)",3
407,Agent_3,"(9, 9)",-1
408,Agent_0,"(9, 9)",3
408,Agent_1,"(9, 9)",-3
408,Agent_2,"(9, 9)",0
408,Agent_3,"(9, 9)",-1
409,Agent_0,"(9, 9)",0
409,Agent_1,"(9, 9)",0
409,Agent_2,"(9, 9)",1
409,Agent_3,"(9, 9)",-1
410,Agent_0,"(9, 9)",3
410,Agent_1,"(9, 9)",0
410,Agent_2,"(9, 9)",3
410,Agent_3,"(9, 9)",3
411,Agent_0,"(9, 9)",-1
411,Agent_1,"(9, 9)",1
411,Agent_2,"(9, 9)",3
411,Agent_3,"(9, 9)",3
412,Agent_0,"(9, 9)",3
412,Agent_1,"(9, 9)",1
412,Agent_2,"(9, 9)",1
412,Agent_3,"(9, 9)",-1
413,Agent_0,"(9, 9)",-2
413,Agent_1,"(9, 9)",2
413,Agent_2,"(9, 9)",-1
413,Agent_3,"(9, 9)",-2
414,Agent_0,"(9, 9)",0
414,Agent_1,"(9, 9)",-1
414,Agent_2,"(9, 9)",1
414,Agent_3,"(9, 9)",1
415,Agent_0,"(9, 9)",1
415,Agent_1,"(9, 9)",3
415,Agent_2,"(9, 9)",0
415,Agent_3,"(9, 9)",3
416,Agent_0,"(9, 9)",2
416,Agent_1,"(9, 9)",-2
416,Agent_2,"(9, 9)",0
416,Agent_3,"(9, 9)",2
417,Agent_0,"(9, 9)",1
417,Agent_1,"(9, 9)",3
417,Agent_2,"(9, 9)",3
417,Agent_3,"(9, 9)",0
418,Agent_0,"(9, 9)",1
418,Agent_1,"(9, 9)",3
418,Agent_2,"(9, 9)",3
418,Agent_3,"(9, 9)",-4
419,Agent_0,"(9, 9)",1
419,Agent_1,"(9, 9)",2
419,Agent_2,"(9, 9)",3
419,Agent_3,"(9, 9)",3
420,Agent_0,"(9, 9)",1
420,Agent_1,"(9, 9)",0
420,Agent_2,"(9, 9)",0
420,Agent_3,"(9, 9)",2
421,Agent_0,"(9, 9)",-1
421,Agent_1,"(9, 9)",1
421,Agent_2,"(9, 9)",2
421,Agent_3,"(9, 9)",0
422,Agent_0,"(9, 9)",-1
422,Agent_1,"(9, 9)",3
422,Agent_2,"(9, 9)",1
422,Agent_3,"(9, 9)",-1
423,Agent_0,"(9, 9)",1
423,Agent_1,"(9, 9)",-7
423,Agent_2,"(9, 9)",-1
423,Agent_3,"(9, 9)",1
424,Agent_0,"(9, 9)",1
424,Agent_1,"(9, 9)",3
424,Agent_2,"(9, 9)",1
424,Agent_3,"(9, 9)",-7
425,Agent_0,"(9, 9)",3
425,Agent_1,"(9, 9)",0
425,Agent_2,"(9, 9)",1
425,Agent_3,"(9, 9)",2
426,Agent_0,"(9, 9)",1
426,Agent_1,"(9, 9)",3
426,Agent_2,"(9, 9)",3
426,Agent_3,"(9, 9)",-3
427,Agent_0,"(9, 9)",1
427,Agent_1,"(9, 9)",3
427,Agent_2,"(9, 9)",3
427,Agent_3,"(9, 9)",3
428,Agent_0,"(9, 9)",-3
428,Agent_1,"(9, 9)",1
428,Agent_2,"(9, 9)",3
428,Agent_3,"(9, 9)",-1
429,Agent_0,"(9, 9)",1
429,Agent_1,"(9, 9)",-3
429,Agent_2,"(9, 9)",-2
429,Agent_3,"(9, 9)",3
430,Agent_0,"(9, 9)",3
430,Agent_1,"(9, 9)",1
430,Agent_2,"(9, 9)",0
430,Agent_3,"(9, 9)",1
431,Agent_0,"(9, 9)",3
431,Agent_1,"(9, 9)",1
431,Agent_2,"(9, 9)",3
431,Agent_3,"(9, 9)",3
432,Agent_0,"(9, 9)",-1
432,Agent_1,"(9, 9)",3
432,Agent_2,"(9, 9)",0
432,Agent_3,"(9, 9)",-4
433,Agent_0,"(9, 9)",1
433,Agent_1,"(9, 9)",1
433,Agent_2,"(9, 9)",1
433,Agent_3,"(9, 9)",3
434,Agent_0,"(9, 9)",3
434,Agent_1,"(9, 9)",0
434,Agent_2,"(9, 9)",1
434,Agent_3,"(9, 9)",3
435,Agent_0,"(9, 9)",3
435,Agent_1,"(9, 9)",1
435,Agent_2,"(9, 9)",-6
435,Agent_3,"(9, 9)",0
436,Agent_0,"(9, 9)",-1
436,Agent_1,"(9, 9)",3
436,Agent_2,"(9, 9)",3
436,Agent_3,"(9, 9)",3
437,Agent_0,"(9, 9)",3
437,Agent_1,"(9, 9)",-7
437,Agent_2,"(9, 9)",-1
437,Agent_3,"(9, 9)",-1
438,Agent_0,"(9, 9)",3
438,Agent_1,"(9, 9)",1
438,Agent_2,"(9, 9)",0
438,Agent_3,"(9, 9)",-1
439,Agent_0,"(9, 9)",3
439,Agent_1,"(9, 9)",1
439,Agent_2,"(9, 9)",2
439,Agent_3,"(9, 9)",1
440,Agent_0,"(9, 9)",-2
440,Agent_1,"(9, 9)",1
440,Agent_2,"(9, 9)",-1
440,Agent_3,"(9, 9)",3
441,Agent_0,"(9, 9)",1
441,Agent_1,"(9, 9)",3
441,Agent_2,"(9, 9)",2
441,Agent_3,"(9, 9)",0
442,Agent_0,"(9, 9)",3
442,Agent_1,"(9, 9)",1
442,Agent_2,"(9, 9)",-1
442,Agent_3,"(9, 9)",3
443,Agent_0,"(9, 9)",3
443,Agent_1,"(9, 9)",-2
443,Agent_2,"(9, 9)",1
443,Agent_3,"(9, 9)",3
444,Agent_0,"(9, 9)",2
444,Agent_1,"(9, 9)",3
444,Agent_2,"(9, 9)",1
444,Agent_3,"(9, 9)",3
445,Agent_0,"(9, 9)",-4
445,Agent_1,"(9, 9)",3
445,Agent_2,"(9, 9)",-1
445,Agent_3,"(9, 9)",2
446,Agent_0,"(9, 9)",-4
446,Agent_1,"(9, 9)",1
446,Agent_2,"(9, 9)",3
446,Agent_3,"(9, 9)",-3
447,Agent_0,"(9, 9)",-1
447,Agent_1,"(9, 9)",2
447,Agent_2,"(9, 9)",1
447,Agent_3,"(9, 9)",1
448,Agent_0,"(9, 9)",1
448,Agent_1,"(9, 9)",-1
448,Agent_2,"(9, 9)",3
448,Agent_3,"(9, 9)",3
449,Agent_0,"(9, 9)",3
449,Agent_1,"(9, 9)",2
449,Agent_2,"(9, 9)",2
449,Agent_3,"(9, 9)",1
450,Agent_0,"(9, 9)",0
450,Agent_1,"(9, 9)",0
450,Agent_2,"(9, 9)",1
450,Agent_3,"(9, 9)",-1
451,Agent_0,"(9, 9)",3
451,Agent_1,"(9, 9)",-3
451,Agent_2,"(9, 9)",3
451,Agent_3,"(9, 9)",-1
452,Agent_0,"(9, 9)",1
452,Agent_1,"(9, 9)",-1
452,Agent_2,"(9, 9)",3
452,Agent_3,"(9, 9)",2
453,Agent_0,"(9, 9)",3
453,Agent_1,"(9, 9)",-1
453,Agent_2,"(9, 9)",1
453,Agent_3,"(9, 9)",3
454,Agent_0,"(9, 9)",-3
454,Agent_1,"(9, 9)",0
454,Agent_2,"(9, 9)",1
454,Agent_3,"(9, 9)",3
455,Agent_0,"(9, 9)",3
455,Agent_1,"(9, 9)",-1
455,Agent_2,"(9, 9)",3
455,Agent_3,"(9, 9)",-1
456,Agent_0,"(9, 9)",-1
456,Agent_1,"(9, 9)",0
456,Agent_2,"(9, 9)",3
456,Agent_3,"(9, 9)",-2
457,Agent_0,"(9, 9)",2
457,Agent_1,"(9, 9)",1
457,Agent_2,"(9, 9)",1
457,Agent_3,"(9, 9)",1
458,Agent_0,"(9, 9)",3
458,Agent_1,"(9, 9)",3
458,Agent_2,"(9, 9)",1
458,Agent_3,"(9, 9)",2
459,Agent_0,"(9, 9)",0
459,Agent_1,"(9, 9)",3
459,Agent_2,"(9, 9)",1
459,Agent_3,"(9, 9)",3
460,Agent_0,"(9, 9)",2
460,Agent_1,"(9, 9)",3
460,Agent_2,"(9, 9)",1
460,Agent_3,"(9, 9)",1
461,Agent_0,"(9, 9)",3
461,Agent_1,"(9, 9)",2
461,Agent_2,"(9, 9)",3
461,Agent_3,"(9, 9)",-3
462,Agent_0,"(9, 9)",3
462,Agent_1,"(9, 9)",3
462,Agent_2,"(9, 9)",1
462,Agent_3,"(9, 9)",1
463,Agent_0,"(9, 9)",3
463,Agent_1,"(9, 9)",2
463,Agent_2,"(9, 9)",3
463,Agent_3,"(9, 9)",3
464,Agent_0,"(9, 9)",1
464,Agent_1,"(9, 9)",-1
464,Agent_2,"(9, 9)",2
464,Agent_3,"(9, 9)",3
465,Agent_0,"(9, 9)",-1
465,Agent_1,"(9, 9)",1
465,Agent_2,"(9, 9)",-5
465,Agent_3,"(9, 9)",-2
466,Agent_0,"(9, 9)",2
466,Agent_1,"(9, 9)",2
466,Agent_2,"(9, 9)",3
466,Agent_3,"(9, 9)",3
467,Agent_0,"(9, 9)",3
467,Agent_1,"(9, 9)",2
467,Agent_2,"(9, 9)",3
467,Agent_3,"(9, 9)",1
468,Agent_0,"(9, 9)",1
468,Agent_1,"(9, 9)",2
468,Agent_2,"(9, 9)",0
468,Agent_3,"(9, 9)",3
469,Agent_0,"(9, 9)",-1
469,Agent_1,"(9, 9)",2
469,Agent_2,"(9, 9)",3
469,Agent_3,"(9, 9)",-1
470,Agent_0,"(9, 9)",1
470,Agent_1,"(9, 9)",1
470,Agent_2,"(9, 9)",3
470,Agent_3,"(9, 9)",3
471,Agent_0,"(9, 9)",3
471,Agent_1,"(9, 9)",1
471,Agent_2,"(9, 9)",2
471,Agent_3,"(9, 9)",1
472,Agent_0,"(9, 9)",1
472,Agent_1,"(9, 9)",-1
472,Agent_2,"(9, 9)",3
472,Agent_3,"(9, 9)",-4
473,Agent_0,"(9, 9)",0
473,Agent_1,"(9, 9)",3
473,Agent_2,"(9, 9)",3
473,Agent_3,"(9, 9)",3
474,Agent_0,"(9, 9)",-1
474,Agent_1,"(9, 9)",1
474,Agent_2,"(9, 9)",3
474,Agent_3,"(9, 9)",3
475,Agent_0,"(9, 9)",3
475,Agent_1,"(9, 9)",3
475,Agent_2,"(9, 9)",1
475,Agent_3,"(9, 9)",1
476,Agent_0,"(9, 9)",0
476,Agent_1,"(9, 9)",1
476,Agent_2,"(9, 9)",3
476,Agent_3,"(9, 9)",3
477,Agent_0,"(9, 9)",1
477,Agent_1,"(9, 9)",-1
477,Agent_2,"(9, 9)",3
477,Agent_3,"(9, 9)",-2
478,Agent_0,"(9, 9)",-4
478,Agent_1,"(9, 9)",3
478,Agent_2,"(9, 9)",3
478,Agent_3,"(9, 9)",3
479,Agent_0,"(9, 9)",3
479,Agent_1,"(9, 9)",-1
479,Agent_2,"(9, 9)",3
479,Agent_3,"(9, 9)",1
480,Agent_0,"(9, 9)",3
480,Agent_1,"(9, 9)",-3
480,Agent_2,"(9, 9)",-2
480,Agent_3,"(9, 9)",3
481,Agent_0,"(9, 9)",3
481,Agent_1,"(9, 9)",-3
481,Agent_2,"(9, 9)",2
481,Agent_3,"(9, 9)",-2
482,Agent_0,"(9, 9)",-2
482,Agent_1,"(9, 9)",-2
482,Agent_2,"(9, 9)",3
482,Agent_3,"(9, 9)",3
483,Agent_0,"(9, 9)",-3
483,Agent_1,"(9, 9)",1
483,Agent_2,"(9, 9)",1
483,Agent_3,"(9, 9)",1
484,Agent_0,"(9, 9)",2
484,Agent_1,"(9, 9)",2
484,Agent_2,"(9, 9)",1
484,Agent_3,"(9, 9)",1
485,Agent_0,"(9, 9)",-2
485,Agent_1,"(9, 9)",-3
485,Agent_2,"(9, 9)",-1
485,Agent_3,"(9, 9)",1
486,Agent_0,"(9, 9)",3
486,Agent_1,"(9, 9)",3
486,Agent_2,"(9, 9)",2
486,Agent_3,"(9, 9)",3
487,Agent_0,"(9, 9)",1
487,Agent_1,"(9, 9)",-5
487,Agent_2,"(9, 9)",1
487,Agent_3,"(9, 9)",-1
488,Agent_0,"(9, 9)",2
488,Agent_1,"(9, 9)",3
488,Agent_2,"(9, 9)",1
488,Agent_3,"(9, 9)",1
489,Agent_0,"(9, 9)",-1
489,Agent_1,"(9, 9)",1
489,Agent_2,"(9, 9)",2
489,Agent_3,"(9, 9)",3
490,Agent_0,"(9, 9)",1
490,Agent_1,"(9, 9)",1
490,Agent_2,"(9, 9)",-3
490,Agent_3,"(9, 9)",3
491,Agent_0,"(9, 9)",3
491,Agent_1,"(9, 9)",1
491,Agent_2,"(9, 9)",-2
491,Agent_3,"(9, 9)",1
492,Agent_0,"(9, 9)",2
492,Agent_1,"(9, 9)",3
492,Agent_2,"(9, 9)",-1
492,Agent_3,"(9, 9)",-1
493,Agent_0,"(9, 9)",3
493,Agent_1,"(9, 9)",1
493,Agent_2,"(9, 9)",3
493,Agent_3,"(9, 9)",3
494,Agent_0,"(9, 9)",1
494,Agent_1,"(9, 9)",-1
494,Agent_2,"(9, 9)",3
494,Agent_3,"(9, 9)",-1
495,Agent_0,"(9, 9)",-1
495,Agent_1,"(9, 9)",3
495,Agent_2,"(9, 9)",1
495,Agent_3,"(9, 9)",3
496,Agent_0,"(9, 9)",3
496,Agent_1,"(9, 9)",2
496,Agent_2,"(9, 9)",1
496,Agent_3,"(9, 9)",3
497,Agent_0,"(9, 9)",-1
497,Agent_1,"(9, 9)",3
497,Agent_2,"(9, 9)",3
497,Agent_3,"(9, 9)",2
498,Agent_0,"(9, 9)",2
498,Agent_1,"(9, 9)",3
498,Agent_2,"(9, 9)",1
498,Agent_3,"(9, 9)",-1
499,Agent_0,"(9, 9)",3
499,Agent_1,"(9, 9)",1
499,Agent_2,"(9, 9)",3
499,Agent_3,"(9, 9)",0
500,Agent_0,"(9, 9)",3
500,Agent_1,"(9, 9)",-2
500,Agent_2,"(9, 9)",3
500,Agent_3,"(9, 9)",1
501,Agent_0,"(9, 9)",-1
501,Agent_1,"(9, 9)",3
501,Agent_2,"(9, 9)",3
501,Agent_3,"(9, 9)",3
502,Agent_0,"(9, 9)",-1
502,Agent_1,"(9, 9)",0
502,Agent_2,"(9, 9)",1
502,Agent_3,"(9, 9)",2
503,Agent_0,"(9, 9)",3
503,Agent_1,"(9, 9)",1
503,Agent_2,"(9, 9)",1
503,Agent_3,"(9, 9)",-1
504,Agent_0,"(9, 9)",3
504,Agent_1,"(9, 9)",3
504,Agent_2,"(9, 9)",3
504,Agent_3,"(9, 9)",1
505,Agent_0,"(9, 9)",0
505,Agent_1,"(9, 9)",-1
505,Agent_2,"(9, 9)",3
505,Agent_3,"(9, 9)",2
506,Agent_0,"(9, 9)",1
506,Agent_1,"(9, 9)",-1
506,Agent_2,"(9, 9)",3
506,Agent_3,"(9, 9)",1
507,Agent_0,"(9, 9)",1
507,Agent_1,"(9, 9)",2
507,Agent_2,"(9, 9)",-1
507,Agent_3,"(9, 9)",3
508,Agent_0,"(9, 9)",0
508,Agent_1,"(9, 9)",1
508,Agent_2,"(9, 9)",3
508,Agent_3,"(9, 9)",2
509,Agent_0,"(9, 9)",2
509,Agent_1,"(9, 9)",1
509,Agent_2,"(9, 9)",1
509,Agent_3,"(9, 9)",3
510,Agent_0,"(9, 9)",3
510,Agent_1,"(9, 9)",-1
510,Agent_2,"(9, 9)",3
510,Agent_3,"(9, 9)",3
511,Agent_0,"(9, 9)",3
511,Agent_1,"(9, 9)",3
511,Agent_2,"(9, 9)",0
511,Agent_3,"(9, 9)",3
512,Agent_0,"(9, 9)",1
512,Agent_1,"(9, 9)",1
512,Agent_2,"(9, 9)",3
512,Agent_3,"(9, 9)",-1
513,Agent_0,"(9, 9)",-1
513,Agent_1,"(9, 9)",1
513,Agent_2,"(9, 9)",2
513,Agent_3,"(9, 9)",-1
514,Agent_0,"(9, 9)",-1
514,Agent_1,"(9, 9)",-2
514,Agent_2,"(9, 9)",0
514,Agent_3,"(9, 9)",3
515,Agent_0,"(9, 9)",1
515,Agent_1,"(9, 9)",1
515,Agent_2,"(9, 9)",3
515,Agent_3,"(9, 9)",1
516,Agent_0,"(9, 9)",1
516,Agent_1,"(9, 9)",1
516,Agent_2,"(9, 9)",1
516,Agent_3,"(9, 9)",2
517,Agent_0,"(9, 9)",1
517,Agent_1,"(9, 9)",3
517,Agent_2,"(9, 9)",2
517,Agent_3,"(9, 9)",3
518,Agent_0,"(9, 9)",-3
518,Agent_1,"(9, 9)",1
518,Agent_2,"(9, 9)",-1
518,Agent_3,"(9, 9)",1
519,Agent_0,"(9, 9)",2
519,Agent_1,"(9, 9)",-2
519,Agent_2,"(9, 9)",-1
519,Agent_3,"(9, 9)",3
520,Agent_0,"(9, 9)",1
520,Agent_1,"(9, 9)",1
520,Agent_2,"(9, 9)",1
520,Agent_3,"(9, 9)",1
521,Agent_0,"(9, 9)",3
521,Agent_1,"(9, 9)",1
521,Agent_2,"(9, 9)",3
521,Agent_3,"(9, 9)",1
522,Agent_0,"(9, 9)",2
522,Agent_1,"(9, 9)",1
522,Agent_2,"(9, 9)",-3
522,Agent_3,"(9, 9)",-1
523,Agent_0,"(9, 9)",2
523,Agent_1,"(9, 9)",-1
523,Agent_2,"(9, 9)",3
523,Agent_3,"(9, 9)",-1
524,Agent_0,"(9, 9)",2
524,Agent_1,"(9, 9)",-2
524,Agent_2,"(9, 9)",3
524,Agent_3,"(9, 9)",1
525,Agent_0,"(9, 9)",3
525,Agent_1,"(9, 9)",2
525,Agent_2,"(9, 9)",3
525,Agent_3,"(9, 9)",3
526,Agent_0,"(9, 9)",-4
526,Agent_1,"(9, 9)",1
526,Agent_2,"(9, 9)",3
526,Agent_3,"(9, 9)",0
527,Agent_0,"(9, 9)",-2
527,Agent_1,"(9, 9)",1
527,Agent_2,"(9, 9)",3
527,Agent_3,"(9, 9)",2
528,Agent_0,"(9, 9)",3
528,Agent_1,"(9, 9)",3
528,Agent_2,"(9, 9)",3
528,Agent_3,"(9, 9)",1
529,Agent_0,"(9, 9)",-1
529,Agent_1,"(9, 9)",3
529,Agent_2,"(9, 9)",2
529,Agent_3,"(9, 9)",3
530,Agent_0,"(9, 9)",1
530,Agent_1,"(9, 9)",-3
530,Agent_2,"(9, 9)",0
530,Agent_3,"(9, 9)",3
531,Agent_0,"(9, 9)",1
531,Agent_1,"(9, 9)",2
531,Agent_2,"(9, 9)",3
531,Agent_3,"(9, 9)",-1
532,Agent_0,"(9, 9)",0
532,Agent_1,"(9, 9)",1
532,Agent_2,"(9, 9)",1
532,Agent_3,"(9, 9)",1
533,Agent_0,"(9, 9)",1
533,Agent_1,"(9, 9)",1
533,Agent_2,"(9, 9)",3
533,Agent_3,"(9, 9)",-1
534,Agent_0,"(9, 9)",0
534,Agent_1,"(9, 9)",3
534,Agent_2,"(9, 9)",1
534,Agent_3,"(9, 9)",2
535,Agent_0,"(9, 9)",1
535,Agent_1,"(9, 9)",3
535,Agent_2,"(9, 9)",-1
535,Agent_3,"(9, 9)",1
536,Agent_0,"(9, 9)",2
536,Agent_1,"(9, 9)",1
536,Agent_2,"(9, 9)",1
536,Agent_3,"(9, 9)",1
537,Agent_0,"(9, 9)",3
537,Agent_1,"(9, 9)",0
537,Agent_2,"(9, 9)",3
537,Agent_3,"(9, 9)",1
538,Agent_0,"(9, 9)",1
538,Agent_1,"(9, 9)",3
538,Agent_2,"(9, 9)",0
538,Agent_3,"(9, 9)",3
539,Agent_0,"(9, 9)",1
539,Agent_1,"(9, 9)",1
539,Agent_2,"(9, 9)",1
539,Agent_3,"(9, 9)",1
540,Agent_0,"(9, 9)",1
540,Agent_1,"(9, 9)",2
540,Agent_2,"(9, 9)",1
540,Agent_3,"(9, 9)",1
541,Agent_0,"(9, 9)",1
541,Agent_1,"(9, 9)",1
541,Agent_2,"(9, 9)",3
541,Agent_3,"(9, 9)",3
542,Agent_0,"(9, 9)",-10
542,Agent_1,"(9, 9)",1
542,Agent_2,"(9, 9)",1
542,Agent_3,"(9, 9)",1
543,Agent_0,"(9, 9)",3
543,Agent_1,"(9, 9)",1
543,Agent_2,"(9, 9)",3
543,Agent_3,"(9, 9)",-2
544,Agent_0,"(9, 9)",3
544,Agent_1,"(9, 9)",1
544,Agent_2,"(9, 9)",3
544,Agent_3,"(9, 9)",-1
545,Agent_0,"(9, 9)",3
545,Agent_1,"(9, 9)",3
545,Agent_2,"(9, 9)",3
545,Agent_3,"(9, 9)",-1
546,Agent_0,"(9, 9)",1
546,Agent_1,"(9, 9)",3
546,Agent_2,"(9, 9)",1
546,Agent_3,"(9, 9)",1
547,Agent_0,"(9, 9)",1
547,Agent_1,"(9, 9)",3
547,Agent_2,"(9, 9)",-1
547,Agent_3,"(9, 9)",-2
548,Agent_0,"(9, 9)",3
548,Agent_1,"(9, 9)",0
548,Agent_2,"(9, 9)",3
548,Agent_3,"(9, 9)",0
549,Agent_0,"(9, 9)",3
549,Agent_1,"(9, 9)",0
549,Agent_2,"(9, 9)",2
549,Agent_3,"(9, 9)",1
550,Agent_0,"(9, 9)",3
550,Agent_1,"(9, 9)",3
550,Agent_2,"(9, 9)",3
550,Agent_3,"(9, 9)",3
551,Agent_0,"(9, 9)",1
551,Agent_1,"(9, 9)",-5
551,Agent_2,"(9, 9)",3
551,Agent_3,"(9, 9)",1
552,Agent_0,"(9, 9)",1
552,Agent_1,"(9, 9)",1
552,Agent_2,"(9, 9)",3
552,Agent_3,"(9, 9)",3
553,Agent_0,"(9, 9)",2
553,Agent_1,"(9, 9)",3
553,Agent_2,"(9, 9)",3
553,Agent_3,"(9, 9)",3
554,Agent_0,"(9, 9)",1
554,Agent_1,"(9, 9)",-1
554,Agent_2,"(9, 9)",3
554,Agent_3,"(9, 9)",1
555,Agent_0,"(9, 9)",-1
555,Agent_1,"(9, 9)",3
555,Agent_2,"(9, 9)",-2
555,Agent_3,"(9, 9)",-4
556,Agent_0,"(9, 9)",-1
556,Agent_1,"(9, 9)",0
556,Agent_2,"(9, 9)",-1
556,Agent_3,"(9, 9)",3
557,Agent_0,"(9, 9)",-3
557,Agent_1,"(9, 9)",1
557,Agent_2,"(9, 9)",-2
557,Agent_3,"(9, 9)",1
558,Agent_0,"(9, 9)",1
558,Agent_1,"(9, 9)",3
558,Agent_2,"(9, 9)",-1
558,Agent_3,"(9, 9)",-1
559,Agent_0,"(9, 9)",1
559,Agent_1,"(9, 9)",0
559,Agent_2,"(9, 9)",-1
559,Agent_3,"(9, 9)",2
560,Agent_0,"(9, 9)",-1
560,Agent_1,"(9, 9)",-2
560,Agent_2,"(9, 9)",3
560,Agent_3,"(9, 9)",-3
561,Agent_0,"(9, 9)",1
561,Agent_1,"(9, 9)",-5
561,Agent_2,"(9, 9)",-2
561,Agent_3,"(9, 9)",-1
562,Agent_0,"(9, 9)",1
562,Agent_1,"(9, 9)",1
562,Agent_2,"(9, 9)",1
562,Agent_3,"(9, 9)",3
563,Agent_0,"(9, 9)",1
563,Agent_1,"(9, 9)",-3
563,Agent_2,"(9, 9)",1
563,Agent_3,"(9, 9)",0
564,Agent_0,"(9, 9)",-1
564,Agent_1,"(9, 9)",-5
564,Agent_2,"(9, 9)",1
564,Agent_3,"(9, 9)",1
565,Agent_0,"(9, 9)",3
565,Agent_1,"(9, 9)",3
565,Agent_2,"(9, 9)",3
565,Agent_3,"(9, 9)",2
566,Agent_0,"(9, 9)",3
566,Agent_1,"(9, 9)",0
566,Agent_2,"(9, 9)",1
566,Agent_3,"(9, 9)",3
567,Agent_0,"(9, 9)",1
567,Agent_1,"(9, 9)",1
567,Agent_2,"(9, 9)",-1
567,Agent_3,"(9, 9)",-3
568,Agent_0,"(9, 9)",1
568,Agent_1,"(9, 9)",1
568,Agent_2,"(9, 9)",2
568,Agent_3,"(9, 9)",3
569,Agent_0,"(9, 9)",1
569,Agent_1,"(9, 9)",2
569,Agent_2,"(9, 9)",1
569,Agent_3,"(9, 9)",3
570,Agent_0,"(9, 9)",1
570,Agent_1,"(9, 9)",3
570,Agent_2,"(9, 9)",3
570,Agent_3,"(9, 9)",2
571,Agent_0,"(9, 9)",1
571,Agent_1,"(9, 9)",1
571,Agent_2,"(9, 9)",-1
571,Agent_3,"(9, 9)",3
572,Agent_0,"(9, 9)",3
572,Agent_1,"(9, 9)",3
572,Agent_2,"(9, 9)",1
572,Agent_3,"(9, 9)",3
573,Agent_0,"(9, 9)",-1
573,Agent_1,"(9, 9)",1
573,Agent_2,"(9, 9)",1
573,Agent_3,"(9, 9)",3
574,Agent_0,"(9, 9)",-3
574,Agent_1,"(9, 9)",-3
574,Agent_2,"(9, 9)",1
574,Agent_3,"(9, 9)",1
575,Agent_0,"(9, 9)",3
575,Agent_1,"(9, 9)",-2
575,Agent_2,"(9, 9)",-1
575,Agent_3,"(9, 9)",3
576,Agent_0,"(9, 9)",3
576,Agent_1,"(9, 9)",-5
576,Agent_2,"(9, 9)",1
576,Agent_3,"(9, 9)",1
577,Agent_0,"(9, 9)",3
577,Agent_1,"(9, 9)",-1
577,Agent_2,"(9, 9)",3
577,Agent_3,"(9, 9)",3
578,Agent_0,"(9, 9)",-1
578,Agent_1,"(9, 9)",3
578,Agent_2,"(9, 9)",3
578,Agent_3,"(9, 9)",1
579,Agent_0,"(9, 9)",2
579,Agent_1,"(9, 9)",0
579,Agent_2,"(9, 9)",1
579,Agent_3,"(9, 9)",1
580,Agent_0,"(9, 9)",-1
580,Agent_1,"(9, 9)",3
580,Agent_2,"(9, 9)",1
580,Agent_3,"(9, 9)",-1
581,Agent_0,"(9, 9)",1
581,Agent_1,"(9, 9)",1
581,Agent_2,"(9, 9)",3
581,Agent_3,"(9, 9)",3
582,Agent_0,"(9, 9)",3
582,Agent_1,"(9, 9)",-3
582,Agent_2,"(9, 9)",1
582,Agent_3,"(9, 9)",3
583,Agent_0,"(9, 9)",3
583,Agent_1,"(9, 9)",3
583,Agent_2,"(9, 9)",1
583,Agent_3,"(9, 9)",-1
584,Agent_0,"(9, 9)",3
584,Agent_1,"(9, 9)",-1
584,Agent_2,"(9, 9)",3
584,Agent_3,"(9, 9)",1
585,Agent_0,"(9, 9)",3
585,Agent_1,"(9, 9)",3
585,Agent_2,"(9, 9)",3
585,Agent_3,"(9, 9)",-3
586,Agent_0,"(9, 9)",2
586,Agent_1,"(9, 9)",-1
586,Agent_2,"(9, 9)",1
586,Agent_3,"(9, 9)",-1
587,Agent_0,"(9, 9)",1
587,Agent_1,"(9, 9)",3
587,Agent_2,"(9, 9)",3
587,Agent_3,"(9, 9)",3
588,Agent_0,"(9, 9)",3
588,Agent_1,"(9, 9)",3
588,Agent_2,"(9, 9)",1
588,Agent_3,"(9, 9)",3
589,Agent_0,"(9, 9)",3
589,Agent_1,"(9, 9)",0
589,Agent_2,"(9, 9)",3
589,Agent_3,"(9, 9)",-1
590,Agent_0,"(9, 9)",-2
590,Agent_1,"(9, 9)",3
590,Agent_2,"(9, 9)",-1
590,Agent_3,"(9, 9)",1
591,Agent_0,"(9, 9)",1
591,Agent_1,"(9, 9)",2
591,Agent_2,"(9, 9)",3
591,Agent_3,"(9, 9)",1
592,Agent_0,"(9, 9)",3
592,Agent_1,"(9, 9)",3
592,Agent_2,"(9, 9)",1
592,Agent_3,"(9, 9)",3
593,Agent_0,"(9, 9)",-2
593,Agent_1,"(9, 9)",2
593,Agent_2,"(9, 9)",3
593,Agent_3,"(9, 9)",-1
594,Agent_0,"(9, 9)",3
594,Agent_1,"(9, 9)",-1
594,Agent_2,"(9, 9)",3
594,Agent_3,"(9, 9)",1
595,Agent_0,"(9, 9)",-1
595,Agent_1,"(9, 9)",3
595,Agent_2,"(9, 9)",1
595,Agent_3,"(9, 9)",1
596,Agent_0,"(9, 9)",3
596,Agent_1,"(9, 9)",1
596,Agent_2,"(9, 9)",3
596,Agent_3,"(9, 9)",0
597,Agent_0,"(9, 9)",1
597,Agent_1,"(9, 9)",1
597,Agent_2,"(9, 9)",-1
597,Agent_3,"(9, 9)",2
598,Agent_0,"(9, 9)",3
598,Agent_1,"(9, 9)",0
598,Agent_2,"(9, 9)",1
598,Agent_3,"(9, 9)",3
599,Agent_0,"(9, 9)",3
599,Agent_1,"(9, 9)",0
599,Agent_2,"(9, 9)",-3
599,Agent_3,"(9, 9)",3
600,Agent_0,"(9, 9)",-2
600,Agent_1,"(9, 9)",1
600,Agent_2,"(9, 9)",-1
600,Agent_3,"(9, 9)",3
601,Agent_0,"(9, 9)",1
601,Agent_1,"(9, 9)",0
601,Agent_2,"(9, 9)",0
601,Agent_3,"(9, 9)",3
602,Agent_0,"(9, 9)",-1
602,Agent_1,"(9, 9)",1
602,Agent_2,"(9, 9)",3
602,Agent_3,"(9, 9)",2
603,Agent_0,"(9, 9)",3
603,Agent_1,"(9, 9)",1
603,Agent_2,"(9, 9)",3
603,Agent_3,"(9, 9)",1
604,Agent_0,"(9, 9)",1
604,Agent_1,"(9, 9)",-3
604,Agent_2,"(9, 9)",1
604,Agent_3,"(9, 9)",3
605,Agent_0,"(9, 9)",3
605,Agent_1,"(9, 9)",2
605,Agent_2,"(9, 9)",3
605,Agent_3,"(9, 9)",-1
606,Agent_0,"(9, 9)",0
606,Agent_1,"(9, 9)",3
606,Agent_2,"(9, 9)",0
606,Agent_3,"(9, 9)",-3
607,Agent_0,"(9, 9)",1
607,Agent_1,"(9, 9)",1
607,Agent_2,"(9, 9)",-2
607,Agent_3,"(9, 9)",3
608,Agent_0,"(9, 9)",3
608,Agent_1,"(9, 9)",3
608,Agent_2,"(9, 9)",3
608,Agent_3,"(9, 9)",0
609,Agent_0,"(9, 9)",3
609,Agent_1,"(9, 9)",3
609,Agent_2,"(9, 9)",3
609,Agent_3,"(9, 9)",1
610,Agent_0,"(9, 9)",3
610,Agent_1,"(9, 9)",1
610,Agent_2,"(9, 9)",3
610,Agent_3,"(9, 9)",3
611,Agent_0,"(9, 9)",-1
611,Agent_1,"(9, 9)",3
611,Agent_2,"(9, 9)",1
611,Agent_3,"(9, 9)",-4
612,Agent_0,"(9, 9)",0
612,Agent_1,"(9, 9)",3
612,Agent_2,"(9, 9)",-3
612,Agent_3,"(9, 9)",3
613,Agent_0,"(9, 9)",3
613,Agent_1,"(9, 9)",3
613,Agent_2,"(9, 9)",3
613,Agent_3,"(9, 9)",3
614,Agent_0,"(9, 9)",1
614,Agent_1,"(9, 9)",-1
614,Agent_2,"(9, 9)",0
614,Agent_3,"(9, 9)",1
615,Agent_0,"(9, 9)",1
615,Agent_1,"(9, 9)",3
615,Agent_2,"(9, 9)",1
615,Agent_3,"(9, 9)",1
616,Agent_0,"(9, 9)",1
616,Agent_1,"(9, 9)",-1
616,Agent_2,"(9, 9)",-2
616,Agent_3,"(9, 9)",3
617,Agent_0,"(9, 9)",1
617,Agent_1,"(9, 9)",-2
617,Agent_2,"(9, 9)",-4
617,Agent_3,"(9, 9)",3
618,Agent_0,"(9, 9)",3
618,Agent_1,"(9, 9)",3
618,Agent_2,"(9, 9)",1
618,Agent_3,"(9, 9)",-1
619,Agent_0,"(9, 9)",3
619,Agent_1,"(9, 9)",3
619,Agent_2,"(9, 9)",-1
619,Agent_3,"(9, 9)",3
620,Agent_0,"(9, 9)",-1
620,Agent_1,"(9, 9)",3
620,Agent_2,"(9, 9)",3
620,Agent_3,"(9, 9)",1
621,Agent_0,"(9, 9)",3
621,Agent_1,"(9, 9)",1
621,Agent_2,"(9, 9)",1
621,Agent_3,"(9, 9)",3
622,Agent_0,"(9, 9)",3
622,Agent_1,"(9, 9)",-4
622,Agent_2,"(9, 9)",0
622,Agent_3,"(9, 9)",1
623,Agent_0,"(9, 9)",-7
623,Agent_1,"(9, 9)",1
623,Agent_2,"(9, 9)",-3
623,Agent_3,"(9, 9)",2
624,Agent_0,"(9, 9)",-2
624,Agent_1,"(9, 9)",1
624,Agent_2,"(9, 9)",1
624,Agent_3,"(9, 9)",3
625,Agent_0,"(9, 9)",2
625,Agent_1,"(9, 9)",3
625,Agent_2,"(9, 9)",1
625,Agent_3,"(9, 9)",1
626,Agent_0,"(9, 9)",3
626,Agent_1,"(9, 9)",1
626,Agent_2,"(9, 9)",-3
626,Agent_3,"(9, 9)",3
627,Agent_0,"(9, 9)",-3
627,Agent_1,"(9, 9)",-2
627,Agent_2,"(9, 9)",0
627,Agent_3,"(9, 9)",3
628,Agent_0,"(9, 9)",0
628,Agent_1,"(9, 9)",1
628,Agent_2,"(9, 9)",1
628,Agent_3,"(9, 9)",-2
629,Agent_0,"(9, 9)",1
629,Agent_1,"(9, 9)",-2
629,Agent_2,"(9, 9)",1
629,Agent_3,"(9, 9)",3
630,Agent_0,"(9, 9)",-1
630,Agent_1,"(9, 9)",1
630,Agent_2,"(9, 9)",2
630,Agent_3,"(9, 9)",3
631,Agent_0,"(9, 9)",-1
631,Agent_1,"(9, 9)",-3
631,Agent_2,"(9, 9)",1
631,Agent_3,"(9, 9)",3
632,Agent_0,"(9, 9)",-1
632,Agent_1,"(9, 9)",1
632,Agent_2,"(9, 9)",1
632,Agent_3,"(9, 9)",1
633,Agent_0,"(9, 9)",1
633,Agent_1,"(9, 9)",3
633,Agent_2,"(9, 9)",3
633,Agent_3,"(9, 9)",1
634,Agent_0,"(9, 9)",1
634,Agent_1,"(9, 9)",1
634,Agent_2,"(9, 9)",0
634,Agent_3,"(9, 9)",-2
635,Agent_0,"(9, 9)",1
635,Agent_1,"(9, 9)",1
635,Agent_2,"(9, 9)",-1
635,Agent_3,"(9, 9)",-3
636,Agent_0,"(9, 9)",-1
636,Agent_1,"(9, 9)",1
636,Agent_2,"(9, 9)",3
636,Agent_3,"(9, 9)",1
637,Agent_0,"(9, 9)",1
637,Agent_1,"(9, 9)",1
637,Agent_2,"(9, 9)",3
637,Agent_3,"(9, 9)",-1
638,Agent_0,"(9, 9)",-1
638,Agent_1,"(9, 9)",3
638,Agent_2,"(9, 9)",-1
638,Agent_3,"(9, 9)",3
639,Agent_0,"(9, 9)",-1
639,Agent_1,"(9, 9)",-5
639,Agent_2,"(9, 9)",3
639,Agent_3,"(9, 9)",3
640,Agent_0,"(9, 9)",2
640,Agent_1,"(9, 9)",3
640,Agent_2,"(9, 9)",0
640,Agent_3,"(9, 9)",3
641,Agent_0,"(9, 9)",-5
641,Agent_1,"(9, 9)",3
641,Agent_2,"(9, 9)",1
641,Agent_3,"(9, 9)",-1
642,Agent_0,"(9, 9)",0
642,Agent_1,"(9, 9)",3
642,Agent_2,"(9, 9)",3
642,Agent_3,"(9, 9)",0
643,Agent_0,"(9, 9)",3
643,Agent_1,"(9, 9)",-2
643,Agent_2,"(9, 9)",3
643,Agent_3,"(9, 9)",-2
644,Agent_0,"(9, 9)",1
644,Agent_1,"(9, 9)",3
644,Agent_2,"(9, 9)",3
644,Agent_3,"(9, 9)",3
645,Agent_0,"(9, 9)",3
645,Agent_1,"(9, 9)",0
645,Agent_2,"(9, 9)",0
645,Agent_3,"(9, 9)",3
646,Agent_0,"(9, 9)",-1
646,Agent_1,"(9, 9)",-1
646,Agent_2,"(9, 9)",-1
646,Agent_3,"(9, 9)",3
647,Agent_0,"(9, 9)",1
647,Agent_1,"(9, 9)",1
647,Agent_2,"(9, 9)",1
647,Agent_3,"(9, 9)",1
648,Agent_0,"(9, 9)",3
648,Agent_1,"(9, 9)",3
648,Agent_2,"(9, 9)",1
648,Agent_3,"(9, 9)",3
649,Agent_0,"(9, 9)",1
649,Agent_1,"(9, 9)",3
649,Agent_2,"(9, 9)",1
649,Agent_3,"(9, 9)",1
650,Agent_0,"(9, 9)",-3
650,Agent_1,"(9, 9)",-2
650,Agent_2,"(9, 9)",3
650,Agent_3,"(9, 9)",3
651,Agent_0,"(9, 9)",2
651,Agent_1,"(9, 9)",3
651,Agent_2,"(9, 9)",-5
651,Agent_3,"(9, 9)",-1
652,Agent_0,"(9, 9)",1
652,Agent_1,"(9, 9)",1
652,Agent_2,"(9, 9)",1
652,Agent_3,"(9, 9)",0
653,Agent_0,"(9, 9)",3
653,Agent_1,"(9, 9)",3
653,Agent_2,"(9, 9)",-2
653,Agent_3,"(9, 9)",3
654,Agent_0,"(9, 9)",-2
654,Agent_1,"(9, 9)",1
654,Agent_2,"(9, 9)",-1
654,Agent_3,"(9, 9)",0
655,Agent_0,"(9, 9)",-1
655,Agent_1,"(9, 9)",2
655,Agent_2,"(9, 9)",3
655,Agent_3,"(9, 9)",-1
656,Agent_0,"(9, 9)",1
656,Agent_1,"(9, 9)",1
656,Agent_2,"(9, 9)",0
656,Agent_3,"(9, 9)",1
657,Agent_0,"(9, 9)",1
657,Agent_1,"(9, 9)",1
657,Agent_2,"(9, 9)",1
657,Agent_3,"(9, 9)",-1
658,Agent_0,"(9, 9)",1
658,Agent_1,"(9, 9)",0
658,Agent_2,"(9, 9)",-2
658,Agent_3,"(9, 9)",-1
659,Agent_0,"(9, 9)",3
659,Agent_1,"(9, 9)",-2
659,Agent_2,"(9, 9)",3
659,Agent_3,"(9, 9)",3
660,Agent_0,"(9, 9)",1
660,Agent_1,"(9, 9)",3
660,Agent_2,"(9, 9)",3
660,Agent_3,"(9, 9)",3
661,Agent_0,"(9, 9)",3
661,Agent_1,"(9, 9)",1
661,Agent_2,"(9, 9)",1
661,Agent_3,"(9, 9)",3
662,Agent_0,"(9, 9)",-1
662,Agent_1,"(9, 9)",1
662,Agent_2,"(9, 9)",-1
662,Agent_3,"(9, 9)",-3
663,Agent_0,"(9, 9)",2
663,Agent_1,"(9, 9)",-3
663,Agent_2,"(9, 9)",-1
663,Agent_3,"(9, 9)",3
664,Agent_0,"(9, 9)",-5
664,Agent_1,"(9, 9)",-2
664,Agent_2,"(9, 9)",3
664,Agent_3,"(9, 9)",3
665,Agent_0,"(9, 9)",1
665,Agent_1,"(9, 9)",3
665,Agent_2,"(9, 9)",3
665,Agent_3,"(9, 9)",3
666,Agent_0,"(9, 9)",3
666,Agent_1,"(9, 9)",-1
666,Agent_2,"(9, 9)",3
666,Agent_3,"(9, 9)",0
667,Agent_0,"(9, 9)",0
667,Agent_1,"(9, 9)",0
667,Agent_2,"(9, 9)",3
667,Agent_3,"(9, 9)",3
668,Agent_0,"(9, 9)",1
668,Agent_1,"(9, 9)",-3
668,Agent_2,"(9, 9)",3
668,Agent_3,"(9, 9)",0
669,Agent_0,"(9, 9)",1
669,Agent_1,"(9, 9)",0
669,Agent_2,"(9, 9)",3
669,Agent_3,"(9, 9)",0
670,Agent_0,"(9, 9)",3
670,Agent_1,"(9, 9)",-1
670,Agent_2,"(9, 9)",2
670,Agent_3,"(9, 9)",-1
671,Agent_0,"(9, 9)",1
671,Agent_1,"(9, 9)",1
671,Agent_2,"(9, 9)",-1
671,Agent_3,"(9, 9)",3
672,Agent_0,"(9, 9)",-2
672,Agent_1,"(9, 9)",-2
672,Agent_2,"(9, 9)",3
672,Agent_3,"(9, 9)",3
673,Agent_0,"(9, 9)",3
673,Agent_1,"(9, 9)",-1
673,Agent_2,"(9, 9)",1
673,Agent_3,"(9, 9)",-1
674,Agent_0,"(9, 9)",1
674,Agent_1,"(9, 9)",3
674,Agent_2,"(9, 9)",1
674,Agent_3,"(9, 9)",3
675,Agent_0,"(9, 9)",0
675,Agent_1,"(9, 9)",1
675,Agent_2,"(9, 9)",-4
675,Agent_3,"(9, 9)",3
676,Agent_0,"(9, 9)",3
676,Agent_1,"(9, 9)",3
676,Agent_2,"(9, 9)",-1
676,Agent_3,"(9, 9)",2
677,Agent_0,"(9, 9)",1
677,Agent_1,"(9, 9)",3
677,Agent_2,"(9, 9)",2
677,Agent_3,"(9, 9)",3
678,Agent_0,"(9, 9)",-1
678,Agent_1,"(9, 9)",-1
678,Agent_2,"(9, 9)",1
678,Agent_3,"(9, 9)",3
679,Agent_0,"(9, 9)",3
679,Agent_1,"(9, 9)",-1
679,Agent_2,"(9, 9)",3
679,Agent_3,"(9, 9)",3
680,Agent_0,"(9, 9)",1
680,Agent_1,"(9, 9)",3
680,Agent_2,"(9, 9)",-4
680,Agent_3,"(9, 9)",3
681,Agent_0,"(9, 9)",-2
681,Agent_1,"(9, 9)",0
681,Agent_2,"(9, 9)",-3
681,Agent_3,"(9, 9)",1
682,Agent_0,"(9, 9)",3
682,Agent_1,"(9, 9)",3
682,Agent_2,"(9, 9)",3
682,Agent_3,"(9, 9)",1
683,Agent_0,"(9, 9)",1
683,Agent_1,"(9, 9)",-1
683,Agent_2,"(9, 9)",0
683,Agent_3,"(9, 9)",2
684,Agent_0,"(9, 9)",1
684,Agent_1,"(9, 9)",3
684,Agent_2,"(9, 9)",1
684,Agent_3,"(9, 9)",3
685,Agent_0,"(9, 9)",2
685,Agent_1,"(9, 9)",1
685,Agent_2,"(9, 9)",0
685,Agent_3,"(9, 9)",-1
686,Agent_0,"(9, 9)",-7
686,Agent_1,"(9, 9)",1
686,Agent_2,"(9, 9)",3
686,Agent_3,"(9, 9)",-2
687,Agent_0,"(9, 9)",3
687,Agent_1,"(9, 9)",3
687,Agent_2,"(9, 9)",-1
687,Agent_3,"(9, 9)",3
688,Agent_0,"(9, 9)",1
688,Agent_1,"(9, 9)",3
688,Agent_2,"(9, 9)",1
688,Agent_3,"(9, 9)",1
689,Agent_0,"(9, 9)",3
689,Agent_1,"(9, 9)",0
689,Agent_2,"(9, 9)",-1
689,Agent_3,"(9, 9)",1
690,Agent_0,"(9, 9)",-1
690,Agent_1,"(9, 9)",1
690,Agent_2,"(9, 9)",1
690,Agent_3,"(9, 9)",-1
691,Agent_0,"(9, 9)",1
691,Agent_1,"(9, 9)",2
691,Agent_2,"(9, 9)",1
691,Agent_3,"(9, 9)",-1
692,Agent_0,"(9, 9)",1
692,Agent_1,"(9, 9)",3
692,Agent_2,"(9, 9)",-5
692,Agent_3,"(9, 9)",2
693,Agent_0,"(9, 9)",1
693,Agent_1,"(9, 9)",3
693,Agent_2,"(9, 9)",3
693,Agent_3,"(9, 9)",1
694,Agent_0,"(9, 9)",1
694,Agent_1,"(9, 9)",3
694,Agent_2,"(9, 9)",1
694,Agent_3,"(9, 9)",3
695,Agent_0,"(9, 9)",3
695,Agent_1,"(9, 9)",2
695,Agent_2,"(9, 9)",3
695,Agent_3,"(9, 9)",3
696,Agent_0,"(9, 9)",3
696,Agent_1,"(9, 9)",1
696,Agent_2,"(9, 9)",-3
696,Agent_3,"(9, 9)",-4
697,Agent_0,"(9, 9)",3
697,Agent_1,"(9, 9)",-2
697,Agent_2,"(9, 9)",1
697,Agent_3,"(9, 9)",1
698,Agent_0,"(9, 9)",-1
698,Agent_1,"(9, 9)",1
698,Agent_2,"(9, 9)",-1
698,Agent_3,"(9, 9)",0
699,Agent_0,"(9, 9)",3
699,Agent_1,"(9, 9)",3
699,Agent_2,"(9, 9)",-1
699,Agent_3,"(9, 9)",3
700,Agent_0,"(9, 9)",1
700,Agent_1,"(9, 9)",3
700,Agent_2,"(9, 9)",3
700,Agent_3,"(9, 9)",1
701,Agent_0,"(9, 9)",1
701,Agent_1,"(9, 9)",-1
701,Agent_2,"(9, 9)",-1
701,Agent_3,"(9, 9)",3
702,Agent_0,"(9, 9)",1
702,Agent_1,"(9, 9)",2
702,Agent_2,"(9, 9)",0
702,Agent_3,"(9, 9)",2
703,Agent_0,"(9, 9)",1
703,Agent_1,"(9, 9)",3
703,Agent_2,"(9, 9)",3
703,Agent_3,"(9, 9)",1
704,Agent_0,"(9, 9)",3
704,Agent_1,"(9, 9)",3
704,Agent_2,"(9, 9)",3
704,Agent_3,"(9, 9)",3
705,Agent_0,"(9, 9)",3
705,Agent_1,"(9, 9)",2
705,Agent_2,"(9, 9)",3
705,Agent_3,"(9, 9)",3
706,Agent_0,"(9, 9)",1
706,Agent_1,"(9, 9)",3
706,Agent_2,"(9, 9)",3
706,Agent_3,"(9, 9)",2
707,Agent_0,"(9, 9)",3
707,Agent_1,"(9, 9)",3
707,Agent_2,"(9, 9)",1
707,Agent_3,"(9, 9)",2
708,Agent_0,"(9, 9)",1
708,Agent_1,"(9, 9)",-1
708,Agent_2,"(9, 9)",1
708,Agent_3,"(9, 9)",-1
709,Agent_0,"(9, 9)",1
709,Agent_1,"(9, 9)",3
709,Agent_2,"(9, 9)",3
709,Agent_3,"(9, 9)",1
710,Agent_0,"(9, 9)",-1
710,Agent_1,"(9, 9)",1
710,Agent_2,"(9, 9)",1
710,Agent_3,"(9, 9)",-3
711,Agent_0,"(9, 9)",1
711,Agent_1,"(9, 9)",0
711,Agent_2,"(9, 9)",1
711,Agent_3,"(9, 9)",2
712,Agent_0,"(9, 9)",1
712,Agent_1,"(9, 9)",1
712,Agent_2,"(9, 9)",2
712,Agent_3,"(9, 9)",3
713,Agent_0,"(9, 9)",1
713,Agent_1,"(9, 9)",-3
713,Agent_2,"(9, 9)",1
713,Agent_3,"(9, 9)",-1
714,Agent_0,"(9, 9)",3
714,Agent_1,"(9, 9)",3
714,Agent_2,"(9, 9)",-1
714,Agent_3,"(9, 9)",1
715,Agent_0,"(9, 9)",-1
715,Agent_1,"(9, 9)",1
715,Agent_2,"(9, 9)",1
715,Agent_3,"(9, 9)",2
716,Agent_0,"(9, 9)",3
716,Agent_1,"(9, 9)",3
716,Agent_2,"(9, 9)",3
716,Agent_3,"(9, 9)",3
717,Agent_0,"(9, 9)",1
717,Agent_1,"(9, 9)",2
717,Agent_2,"(9, 9)",-1
717,Agent_3,"(9, 9)",2
718,Agent_0,"(9, 9)",3
718,Agent_1,"(9, 9)",-5
718,Agent_2,"(9, 9)",1
718,Agent_3,"(9, 9)",3
719,Agent_0,"(9, 9)",3
719,Agent_1,"(9, 9)",3
719,Agent_2,"(9, 9)",1
719,Agent_3,"(9, 9)",1
720,Agent_0,"(9, 9)",0
720,Agent_1,"(9, 9)",-7
720,Agent_2,"(9, 9)",1
720,Agent_3,"(9, 9)",1
721,Agent_0,"(9, 9)",-1
721,Agent_1,"(9, 9)",2
721,Agent_2,"(9, 9)",2
721,Agent_3,"(9, 9)",3
722,Agent_0,"(9, 9)",-1
722,Agent_1,"(9, 9)",3
722,Agent_2,"(9, 9)",-2
722,Agent_3,"(9, 9)",2
723,Agent_0,"(9, 9)",3
723,Agent_1,"(9, 9)",0
723,Agent_2,"(9, 9)",1
723,Agent_3,"(9, 9)",3
724,Agent_0,"(9, 9)",0
724,Agent_1,"(9, 9)",3
724,Agent_2,"(9, 9)",3
724,Agent_3,"(9, 9)",0
725,Agent_0,"(9, 9)",1
725,Agent_1,"(9, 9)",3
725,Agent_2,"(9, 9)",-1
725,Agent_3,"(9, 9)",2
726,Agent_0,"(9, 9)",3
726,Agent_1,"(9, 9)",0
726,Agent_2,"(9, 9)",-1
726,Agent_3,"(9, 9)",3
727,Agent_0,"(9, 9)",-3
727,Agent_1,"(9, 9)",3
727,Agent_2,"(9, 9)",-3
727,Agent_3,"(9, 9)",-3
728,Agent_0,"(9, 9)",-7
728,Agent_1,"(9, 9)",3
728,Agent_2,"(9, 9)",3
728,Agent_3,"(9, 9)",2
729,Agent_0,"(9, 9)",3
729,Agent_1,"(9, 9)",1
729,Agent_2,"(9, 9)",3
729,Agent_3,"(9, 9)",1
730,Agent_0,"(9, 9)",3
730,Agent_1,"(9, 9)",1
730,Agent_2,"(9, 9)",1
730,Agent_3,"(9, 9)",3
731,Agent_0,"(9, 9)",-3
731,Agent_1,"(9, 9)",-7
731,Agent_2,"(9, 9)",3
731,Agent_3,"(9, 9)",3
732,Agent_0,"(9, 9)",3
732,Agent_1,"(9, 9)",1
732,Agent_2,"(9, 9)",3
732,Agent_3,"(9, 9)",-1
733,Agent_0,"(9, 9)",-1
733,Agent_1,"(9, 9)",0
733,Agent_2,"(9, 9)",-3
733,Agent_3,"(9, 9)",3
734,Agent_0,"(9, 9)",3
734,Agent_1,"(9, 9)",-2
734,Agent_2,"(9, 9)",2
734,Agent_3,"(9, 9)",-2
735,Agent_0,"(9, 9)",3
735,Agent_1,"(9, 9)",-2
735,Agent_2,"(9, 9)",1
735,Agent_3,"(9, 9)",3
736,Agent_0,"(9, 9)",3
736,Agent_1,"(9, 9)",3
736,Agent_2,"(9, 9)",3
736,Agent_3,"(9, 9)",0
737,Agent_0,"(9, 9)",3
737,Agent_1,"(9, 9)",1
737,Agent_2,"(9, 9)",0
737,Agent_3,"(9, 9)",1
738,Agent_0,"(9, 9)",3
738,Agent_1,"(9, 9)",0
738,Agent_2,"(9, 9)",-1
738,Agent_3,"(9, 9)",1
739,Agent_0,"(9, 9)",-3
739,Agent_1,"(9, 9)",1
739,Agent_2,"(9, 9)",0
739,Agent_3,"(9, 9)",1
740,Agent_0,"(9, 9)",3
740,Agent_1,"(9, 9)",1
740,Agent_2,"(9, 9)",1
740,Agent_3,"(9, 9)",-1
741,Agent_0,"(9, 9)",-1
741,Agent_1,"(9, 9)",3
741,Agent_2,"(9, 9)",-1
741,Agent_3,"(9, 9)",3
742,Agent_0,"(9, 9)",1
742,Agent_1,"(9, 9)",1
742,Agent_2,"(9, 9)",3
742,Agent_3,"(9, 9)",1
743,Agent_0,"(9, 9)",1
743,Agent_1,"(9, 9)",-3
743,Agent_2,"(9, 9)",-1
743,Agent_3,"(9, 9)",1
744,Agent_0,"(9, 9)",1
744,Agent_1,"(9, 9)",3
744,Agent_2,"(9, 9)",1
744,Agent_3,"(9, 9)",3
745,Agent_0,"(9, 9)",3
745,Agent_1,"(9, 9)",1
745,Agent_2,"(9, 9)",-1
745,Agent_3,"(9, 9)",1
746,Agent_0,"(9, 9)",-1
746,Agent_1,"(9, 9)",-1
746,Agent_2,"(9, 9)",-1
746,Agent_3,"(9, 9)",0
747,Agent_0,"(9, 9)",1
747,Agent_1,"(9, 9)",0
747,Agent_2,"(9, 9)",1
747,Agent_3,"(9, 9)",3
748,Agent_0,"(9, 9)",0
748,Agent_1,"(9, 9)",1
748,Agent_2,"(9, 9)",-3
748,Agent_3,"(9, 9)",0
749,Agent_0,"(9, 9)",3
749,Agent_1,"(9, 9)",-3
749,Agent_2,"(9, 9)",1
749,Agent_3,"(9, 9)",1
750,Agent_0,"(9, 9)",-2
750,Agent_1,"(9, 9)",-1
750,Agent_2,"(9, 9)",3
750,Agent_3,"(9, 9)",3
751,Agent_0,"(9, 9)",-1
751,Agent_1,"(9, 9)",3
751,Agent_2,"(9, 9)",1
751,Agent_3,"(9, 9)",-1
752,Agent_0,"(9, 9)",-1
752,Agent_1,"(9, 9)",3
752,Agent_2,"(9, 9)",1
752,Agent_3,"(9, 9)",2
753,Agent_0,"(9, 9)",3
753,Agent_1,"(9, 9)",1
753,Agent_2,"(9, 9)",1
753,Agent_3,"(9, 9)",1
754,Agent_0,"(9, 9)",1
754,Agent_1,"(9, 9)",-1
754,Agent_2,"(9, 9)",1
754,Agent_3,"(9, 9)",3
755,Agent_0,"(9, 9)",1
755,Agent_1,"(9, 9)",1
755,Agent_2,"(9, 9)",2
755,Agent_3,"(9, 9)",0
756,Agent_0,"(9, 9)",-1
756,Agent_1,"(9, 9)",-1
756,Agent_2,"(9, 9)",1
756,Agent_3,"(9, 9)",3
757,Agent_0,"(9, 9)",3
757,Agent_1,"(9, 9)",1
757,Agent_2,"(9, 9)",3
757,Agent_3,"(9, 9)",2
758,Agent_0,"(9, 9)",1
758,Agent_1,"(9, 9)",1
758,Agent_2,"(9, 9)",3
758,Agent_3,"(9, 9)",2
759,Agent_0,"(9, 9)",1
759,Agent_1,"(9, 9)",-2
759,Agent_2,"(9, 9)",1
759,Agent_3,"(9, 9)",-1
760,Agent_0,"(9, 9)",2
760,Agent_1,"(9, 9)",3
760,Agent_2,"(9, 9)",3
760,Agent_3,"(9, 9)",-2
761,Agent_0,"(9, 9)",-7
761,Agent_1,"(9, 9)",2
761,Agent_2,"(9, 9)",0
761,Agent_3,"(9, 9)",3
762,Agent_0,"(9, 9)",1
762,Agent_1,"(9, 9)",-1
762,Agent_2,"(9, 9)",2
762,Agent_3,"(9, 9)",2
763,Agent_0,"(9, 9)",1
763,Agent_1,"(9, 9)",2
763,Agent_2,"(9, 9)",0
763,Agent_3,"(9, 9)",1
764,Agent_0,"(9, 9)",1
764,Agent_1,"(9, 9)",1
764,Agent_2,"(9, 9)",0
764,Agent_3,"(9, 9)",3
765,Agent_0,"(9, 9)",-5
765,Agent_1,"(9, 9)",-9
765,Agent_2,"(9, 9)",-3
765,Agent_3,"(9, 9)",3
766,Agent_0,"(9, 9)",-2
766,Agent_1,"(9, 9)",1
766,Agent_2,"(9, 9)",1
766,Agent_3,"(9, 9)",1
767,Agent_0,"(9, 9)",3
767,Agent_1,"(9, 9)",1
767,Agent_2,"(9, 9)",1
767,Agent_3,"(9, 9)",3
768,Agent_0,"(9, 9)",3
768,Agent_1,"(9, 9)",3
768,Agent_2,"(9, 9)",-1
768,Agent_3,"(9, 9)",3
769,Agent_0,"(9, 9)",2
769,Agent_1,"(9, 9)",3
769,Agent_2,"(9, 9)",0
769,Agent_3,"(9, 9)",1
770,Agent_0,"(9, 9)",-2
770,Agent_1,"(9, 9)",3
770,Agent_2,"(9, 9)",3
770,Agent_3,"(9, 9)",2
771,Agent_0,"(9, 9)",3
771,Agent_1,"(9, 9)",3
771,Agent_2,"(9, 9)",2
771,Agent_3,"(9, 9)",1
772,Agent_0,"(9, 9)",1
772,Agent_1,"(9, 9)",1
772,Agent_2,"(9, 9)",2
772,Agent_3,"(9, 9)",3
773,Agent_0,"(9, 9)",-1
773,Agent_1,"(9, 9)",1
773,Agent_2,"(9, 9)",3
773,Agent_3,"(9, 9)",-3
774,Agent_0,"(9, 9)",-1
774,Agent_1,"(9, 9)",1
774,Agent_2,"(9, 9)",3
774,Agent_3,"(9, 9)",3
775,Agent_0,"(9, 9)",1
775,Agent_1,"(9, 9)",0
775,Agent_2,"(9, 9)",-4
775,Agent_3,"(9, 9)",3
776,Agent_0,"(9, 9)",-1
776,Agent_1,"(9, 9)",3
776,Agent_2,"(9, 9)",3
776,Agent_3,"(9, 9)",3
777,Agent_0,"(9, 9)",2
777,Agent_1,"(9, 9)",-1
777,Agent_2,"(9, 9)",3
777,Agent_3,"(9, 9)",2
778,Agent_0,"(9, 9)",-1
778,Agent_1,"(9, 9)",3
778,Agent_2,"(9, 9)",1
778,Agent_3,"(9, 9)",0
779,Agent_0,"(9, 9)",1
779,Agent_1,"(9, 9)",3
779,Agent_2,"(9, 9)",1
779,Agent_3,"(9, 9)",1
780,Agent_0,"(9, 9)",3
780,Agent_1,"(9, 9)",3
780,Agent_2,"(9, 9)",1
780,Agent_3,"(9, 9)",3
781,Agent_0,"(9, 9)",3
781,Agent_1,"(9, 9)",1
781,Agent_2,"(9, 9)",1
781,Agent_3,"(9, 9)",3
782,Agent_0,"(9, 9)",-7
782,Agent_1,"(9, 9)",2
782,Agent_2,"(9, 9)",3
782,Agent_3,"(9, 9)",1
783,Agent_0,"(9, 9)",-1
783,Agent_1,"(9, 9)",2
783,Agent_2,"(9, 9)",3
783,Agent_3,"(9, 9)",1
784,Agent_0,"(9, 9)",0
784,Agent_1,"(9, 9)",3
784,Agent_2,"(9, 9)",-1
784,Agent_3,"(9, 9)",1
785,Agent_0,"(9, 9)",3
785,Agent_1,"(9, 9)",3
785,Agent_2,"(9, 9)",1
785,Agent_3,"(9, 9)",0
786,Agent_0,"(9, 9)",0
786,Agent_1,"(9, 9)",0
786,Agent_2,"(9, 9)",3
786,Agent_3,"(9, 9)",3
787,Agent_0,"(9, 9)",1
787,Agent_1,"(9, 9)",-3
787,Agent_2,"(9, 9)",3
787,Agent_3,"(9, 9)",1
788,Agent_0,"(9, 9)",1
788,Agent_1,"(9, 9)",3
788,Agent_2,"(9, 9)",1
788,Agent_3,"(9, 9)",3
789,Agent_0,"(9, 9)",3
789,Agent_1,"(9, 9)",3
789,Agent_2,"(9, 9)",0
789,Agent_3,"(9, 9)",3
790,Agent_0,"(9, 9)",-3
790,Agent_1,"(9, 9)",1
790,Agent_2,"(9, 9)",-8
790,Agent_3,"(9, 9)",3
791,Agent_0,"(9, 9)",2
791,Agent_1,"(9, 9)",0
791,Agent_2,"(9, 9)",-1
791,Agent_3,"(9, 9)",3
792,Agent_0,"(9, 9)",2
792,Agent_1,"(9, 9)",3
792,Agent_2,"(9, 9)",1
792,Agent_3,"(9, 9)",0
793,Agent_0,"(9, 9)",3
793,Agent_1,"(9, 9)",1
793,Agent_2,"(9, 9)",-2
793,Agent_3,"(9, 9)",3
794,Agent_0,"(9, 9)",-1
794,Agent_1,"(9, 9)",3
794,Agent_2,"(9, 9)",-2
794,Agent_3,"(9, 9)",-4
795,Agent_0,"(9, 9)",0
795,Agent_1,"(9, 9)",-1
795,Agent_2,"(9, 9)",-1
795,Agent_3,"(9, 9)",3
796,Agent_0,"(9, 9)",0
796,Agent_1,"(9, 9)",1
796,Agent_2,"(9, 9)",3
796,Agent_3,"(9, 9)",1
797,Agent_0,"(9, 9)",1
797,Agent_1,"(9, 9)",-1
797,Agent_2,"(9, 9)",-1
797,Agent_3,"(9, 9)",-2
798,Agent_0,"(9, 9)",3
798,Agent_1,"(9, 9)",1
798,Agent_2,"(9, 9)",1
798,Agent_3,"(9, 9)",1
799,Agent_0,"(9, 9)",1
799,Agent_1,"(9, 9)",-1
799,Agent_2,"(9, 9)",3
799,Agent_3,"(9, 9)",2
800,Agent_0,"(9, 9)",3
800,Agent_1,"(9, 9)",0
800,Agent_2,"(9, 9)",1
800,Agent_3,"(9, 9)",1
801,Agent_0,"(9, 9)",2
801,Agent_1,"(9, 9)",1
801,Agent_2,"(9, 9)",3
801,Agent_3,"(9, 9)",0
802,Agent_0,"(9, 9)",1
802,Agent_1,"(9, 9)",2
802,Agent_2,"(9, 9)",1
802,Agent_3,"(9, 9)",3
803,Agent_0,"(9, 9)",-1
803,Agent_1,"(9, 9)",3
803,Agent_2,"(9, 9)",-1
803,Agent_3,"(9, 9)",3
804,Agent_0,"(9, 9)",-1
804,Agent_1,"(9, 9)",2
804,Agent_2,"(9, 9)",1
804,Agent_3,"(9, 9)",3
805,Agent_0,"(9, 9)",2
805,Agent_1,"(9, 9)",3
805,Agent_2,"(9, 9)",3
805,Agent_3,"(9, 9)",0
806,Agent_0,"(9, 9)",3
806,Agent_1,"(9, 9)",-1
806,Agent_2,"(9, 9)",3
806,Agent_3,"(9, 9)",1
807,Agent_0,"(9, 9)",3
807,Agent_1,"(9, 9)",-1
807,Agent_2,"(9, 9)",3
807,Agent_3,"(9, 9)",-3
808,Agent_0,"(9, 9)",1
808,Agent_1,"(9, 9)",3
808,Agent_2,"(9, 9)",1
808,Agent_3,"(9, 9)",3
809,Agent_0,"(9, 9)",3
809,Agent_1,"(9, 9)",2
809,Agent_2,"(9, 9)",-3
809,Agent_3,"(9, 9)",3
810,Agent_0,"(9, 9)",1
810,Agent_1,"(9, 9)",-1
810,Agent_2,"(9, 9)",1
810,Agent_3,"(9, 9)",3
811,Agent_0,"(9, 9)",-2
811,Agent_1,"(9, 9)",3
811,Agent_2,"(9, 9)",1
811,Agent_3,"(9, 9)",3
812,Agent_0,"(9, 9)",-4
812,Agent_1,"(9, 9)",1
812,Agent_2,"(9, 9)",3
812,Agent_3,"(9, 9)",3
813,Agent_0,"(9, 9)",-1
813,Agent_1,"(9, 9)",3
813,Agent_2,"(9, 9)",1
813,Agent_3,"(9, 9)",1
814,Agent_0,"(9, 9)",1
814,Agent_1,"(9, 9)",-7
814,Agent_2,"(9, 9)",3
814,Agent_3,"(9, 9)",-1
815,Agent_0,"(9, 9)",-1
815,Agent_1,"(9, 9)",0
815,Agent_2,"(9, 9)",2
815,Agent_3,"(9, 9)",2
816,Agent_0,"(9, 9)",3
816,Agent_1,"(9, 9)",3
816,Agent_2,"(9, 9)",1
816,Agent_3,"(9, 9)",1
817,Agent_0,"(9, 9)",1
817,Agent_1,"(9, 9)",1
817,Agent_2,"(9, 9)",-2
817,Agent_3,"(9, 9)",3
818,Agent_0,"(9, 9)",3
818,Agent_1,"(9, 9)",0
818,Agent_2,"(9, 9)",1
818,Agent_3,"(9, 9)",3
819,Agent_0,"(9, 9)",2
819,Agent_1,"(9, 9)",0
819,Agent_2,"(9, 9)",-1
819,Agent_3,"(9, 9)",1
820,Agent_0,"(9, 9)",1
820,Agent_1,"(9, 9)",3
820,Agent_2,"(9, 9)",3
820,Agent_3,"(9, 9)",3
821,Agent_0,"(9, 9)",3
821,Agent_1,"(9, 9)",1
821,Agent_2,"(9, 9)",1
821,Agent_3,"(9, 9)",3
822,Agent_0,"(9, 9)",3
822,Agent_1,"(9, 9)",2
822,Agent_2,"(9, 9)",1
822,Agent_3,"(9, 9)",1
823,Agent_0,"(9, 9)",3
823,Agent_1,"(9, 9)",1
823,Agent_2,"(9, 9)",1
823,Agent_3,"(9, 9)",1
824,Agent_0,"(9, 9)",-1
824,Agent_1,"(9, 9)",1
824,Agent_2,"(9, 9)",3
824,Agent_3,"(9, 9)",3
825,Agent_0,"(9, 9)",0
825,Agent_1,"(9, 9)",3
825,Agent_2,"(9, 9)",3
825,Agent_3,"(9, 9)",3
826,Agent_0,"(9, 9)",2
826,Agent_1,"(9, 9)",2
826,Agent_2,"(9, 9)",3
826,Agent_3,"(9, 9)",2
827,Agent_0,"(9, 9)",1
827,Agent_1,"(9, 9)",0
827,Agent_2,"(9, 9)",-1
827,Agent_3,"(9, 9)",1
828,Agent_0,"(9, 9)",3
828,Agent_1,"(9, 9)",1
828,Agent_2,"(9, 9)",3
828,Agent_3,"(9, 9)",3
829,Agent_0,"(9, 9)",3
829,Agent_1,"(9, 9)",3
829,Agent_2,"(9, 9)",1
829,Agent_3,"(9, 9)",1
830,Agent_0,"(9, 9)",1
830,Agent_1,"(9, 9)",-2
830,Agent_2,"(9, 9)",3
830,Agent_3,"(9, 9)",3
831,Agent_0,"(9, 9)",-6
831,Agent_1,"(9, 9)",3
831,Agent_2,"(9, 9)",3
831,Agent_3,"(9, 9)",1
832,Agent_0,"(9, 9)",3
832,Agent_1,"(9, 9)",-7
832,Agent_2,"(9, 9)",1
832,Agent_3,"(9, 9)",1
833,Agent_0,"(9, 9)",1
833,Agent_1,"(9, 9)",1
833,Agent_2,"(9, 9)",1
833,Agent_3,"(9, 9)",0
834,Agent_0,"(9, 9)",3
834,Agent_1,"(9, 9)",-1
834,Agent_2,"(9, 9)",2
834,Agent_3,"(9, 9)",3
835,Agent_0,"(9, 9)",0
835,Agent_1,"(9, 9)",3
835,Agent_2,"(9, 9)",1
835,Agent_3,"(9, 9)",1
836,Agent_0,"(9, 9)",-3
836,Agent_1,"(9, 9)",3
836,Agent_2,"(9, 9)",0
836,Agent_3,"(9, 9)",2
837,Agent_0,"(9, 9)",2
837,Agent_1,"(9, 9)",2
837,Agent_2,"(9, 9)",1
837,Agent_3,"(9, 9)",1
838,Agent_0,"(9, 9)",3
838,Agent_1,"(9, 9)",3
838,Agent_2,"(9, 9)",2
838,Agent_3,"(9, 9)",3
839,Agent_0,"(9, 9)",-2
839,Agent_1,"(9, 9)",-2
839,Agent_2,"(9, 9)",3
839,Agent_3,"(9, 9)",3
840,Agent_0,"(9, 9)",1
840,Agent_1,"(9, 9)",3
840,Agent_2,"(9, 9)",-1
840,Agent_3,"(9, 9)",1
841,Agent_0,"(9, 9)",-3
841,Agent_1,"(9, 9)",1
841,Agent_2,"(9, 9)",0
841,Agent_3,"(9, 9)",1
842,Agent_0,"(9, 9)",-1
842,Agent_1,"(9, 9)",1
842,Agent_2,"(9, 9)",-3
842,Agent_3,"(9, 9)",1
843,Agent_0,"(9, 9)",3
843,Agent_1,"(9, 9)",1
843,Agent_2,"(9, 9)",3
843,Agent_3,"(9, 9)",1
844,Agent_0,"(9, 9)",2
844,Agent_1,"(9, 9)",1
844,Agent_2,"(9, 9)",1
844,Agent_3,"(9, 9)",1
845,Agent_0,"(9, 9)",3
845,Agent_1,"(9, 9)",3
845,Agent_2,"(9, 9)",3
845,Agent_3,"(9, 9)",1
846,Agent_0,"(9, 9)",3
846,Agent_1,"(9, 9)",2
846,Agent_2,"(9, 9)",3
846,Agent_3,"(9, 9)",3
847,Agent_0,"(9, 9)",-1
847,Agent_1,"(9, 9)",-1
847,Agent_2,"(9, 9)",3
847,Agent_3,"(9, 9)",3
848,Agent_0,"(9, 9)",-3
848,Agent_1,"(9, 9)",-2
848,Agent_2,"(9, 9)",-1
848,Agent_3,"(9, 9)",3
849,Agent_0,"(9, 9)",0
849,Agent_1,"(9, 9)",-1
849,Agent_2,"(9, 9)",1
849,Agent_3,"(9, 9)",1
850,Agent_0,"(9, 9)",1
850,Agent_1,"(9, 9)",1
850,Agent_2,"(9, 9)",0
850,Agent_3,"(9, 9)",1
851,Agent_0,"(9, 9)",3
851,Agent_1,"(9, 9)",-1
851,Agent_2,"(9, 9)",3
851,Agent_3,"(9, 9)",3
852,Agent_0,"(9, 9)",3
852,Agent_1,"(9, 9)",1
852,Agent_2,"(9, 9)",3
852,Agent_3,"(9, 9)",2
853,Agent_0,"(9, 9)",-4
853,Agent_1,"(9, 9)",1
853,Agent_2,"(9, 9)",0
853,Agent_3,"(9, 9)",-1
854,Agent_0,"(9, 9)",0
854,Agent_1,"(9, 9)",1
854,Agent_2,"(9, 9)",1
854,Agent_3,"(9, 9)",1
855,Agent_0,"(9, 9)",1
855,Agent_1,"(9, 9)",1
855,Agent_2,"(9, 9)",3
855,Agent_3,"(9, 9)",-1
856,Agent_0,"(9, 9)",3
856,Agent_1,"(9, 9)",1
856,Agent_2,"(9, 9)",1
856,Agent_3,"(9, 9)",3
857,Agent_0,"(9, 9)",3
857,Agent_1,"(9, 9)",1
857,Agent_2,"(9, 9)",1
857,Agent_3,"(9, 9)",3
858,Agent_0,"(9, 9)",3
858,Agent_1,"(9, 9)",3
858,Agent_2,"(9, 9)",1
858,Agent_3,"(9, 9)",0
859,Agent_0,"(9, 9)",1
859,Agent_1,"(9, 9)",0
859,Agent_2,"(9, 9)",-3
859,Agent_3,"(9, 9)",2
860,Agent_0,"(9, 9)",1
860,Agent_1,"(9, 9)",1
860,Agent_2,"(9, 9)",3
860,Agent_3,"(9, 9)",3
861,Agent_0,"(9, 9)",3
861,Agent_1,"(9, 9)",1
861,Agent_2,"(9, 9)",3
861,Agent_3,"(9, 9)",3
862,Agent_0,"(9, 9)",3
862,Agent_1,"(9, 9)",3
862,Agent_2,"(9, 9)",1
862,Agent_3,"(9, 9)",3
863,Agent_0,"(9, 9)",1
863,Agent_1,"(9, 9)",2
863,Agent_2,"(9, 9)",-3
863,Agent_3,"(9, 9)",1
864,Agent_0,"(9, 9)",3
864,Agent_1,"(9, 9)",3
864,Agent_2,"(9, 9)",2
864,Agent_3,"(9, 9)",3
865,Agent_0,"(9, 9)",2
865,Agent_1,"(9, 9)",3
865,Agent_2,"(9, 9)",2
865,Agent_3,"(9, 9)",3
866,Agent_0,"(9, 9)",1
866,Agent_1,"(9, 9)",2
866,Agent_2,"(9, 9)",-1
866,Agent_3,"(9, 9)",2
867,Agent_0,"(9, 9)",2
867,Agent_1,"(9, 9)",-1
867,Agent_2,"(9, 9)",-4
867,Agent_3,"(9, 9)",3
868,Agent_0,"(9, 9)",3
868,Agent_1,"(9, 9)",3
868,Agent_2,"(9, 9)",2
868,Agent_3,"(9, 9)",1
869,Agent_0,"(9, 9)",3
869,Agent_1,"(9, 9)",3
869,Agent_2,"(9, 9)",1
869,Agent_3,"(9, 9)",0
870,Agent_0,"(9, 9)",0
870,Agent_1,"(9, 9)",1
870,Agent_2,"(9, 9)",-1
870,Agent_3,"(9, 9)",3
871,Agent_0,"(9, 9)",1
871,Agent_1,"(9, 9)",3
871,Agent_2,"(9, 9)",0
871,Agent_3,"(9, 9)",2
872,Agent_0,"(9, 9)",1
872,Agent_1,"(9, 9)",0
872,Agent_2,"(9, 9)",-1
872,Agent_3,"(9, 9)",-4
873,Agent_0,"(9, 9)",-1
873,Agent_1,"(9, 9)",1
873,Agent_2,"(9, 9)",3
873,Agent_3,"(9, 9)",2
874,Agent_0,"(9, 9)",3
874,Agent_1,"(9, 9)",1
874,Agent_2,"(9, 9)",3
874,Agent_3,"(9, 9)",3
875,Agent_0,"(9, 9)",3
875,Agent_1,"(9, 9)",3
875,Agent_2,"(9, 9)",0
875,Agent_3,"(9, 9)",1
876,Agent_0,"(9, 9)",2
876,Agent_1,"(9, 9)",3
876,Agent_2,"(9, 9)",1
876,Agent_3,"(9, 9)",2
877,Agent_0,"(9, 9)",0
877,Agent_1,"(9, 9)",3
877,Agent_2,"(9, 9)",3
877,Agent_3,"(9, 9)",0
878,Agent_0,"(9, 9)",1
878,Agent_1,"(9, 9)",-2
878,Agent_2,"(9, 9)",3
878,Agent_3,"(9, 9)",3
879,Agent_0,"(9, 9)",3
879,Agent_1,"(9, 9)",3
879,Agent_2,"(9, 9)",3
879,Agent_3,"(9, 9)",1
880,Agent_0,"(9, 9)",3
880,Agent_1,"(9, 9)",3
880,Agent_2,"(9, 9)",3
880,Agent_3,"(9, 9)",-1
881,Agent_0,"(9, 9)",1
881,Agent_1,"(9, 9)",1
881,Agent_2,"(9, 9)",-1
881,Agent_3,"(9, 9)",1
882,Agent_0,"(9, 9)",1
882,Agent_1,"(9, 9)",0
882,Agent_2,"(9, 9)",1
882,Agent_3,"(9, 9)",2
883,Agent_0,"(9, 9)",2
883,Agent_1,"(9, 9)",3
883,Agent_2,"(9, 9)",3
883,Agent_3,"(9, 9)",1
884,Agent_0,"(9, 9)",3
884,Agent_1,"(9, 9)",1
884,Agent_2,"(9, 9)",3
884,Agent_3,"(9, 9)",3
885,Agent_0,"(9, 9)",-10
885,Agent_1,"(9, 9)",1
885,Agent_2,"(9, 9)",-2
885,Agent_3,"(9, 9)",-1
886,Agent_0,"(9, 9)",1
886,Agent_1,"(9, 9)",-2
886,Agent_2,"(9, 9)",-1
886,Agent_3,"(9, 9)",3
887,Agent_0,"(9, 9)",3
887,Agent_1,"(9, 9)",1
887,Agent_2,"(9, 9)",3
887,Agent_3,"(9, 9)",0
888,Agent_0,"(9, 9)",-3
888,Agent_1,"(9, 9)",0
888,Agent_2,"(9, 9)",-1
888,Agent_3,"(9, 9)",3
889,Agent_0,"(9, 9)",1
889,Agent_1,"(9, 9)",1
889,Agent_2,"(9, 9)",3
889,Agent_3,"(9, 9)",3
890,Agent_0,"(9, 9)",-2
890,Agent_1,"(9, 9)",-1
890,Agent_2,"(9, 9)",1
890,Agent_3,"(9, 9)",-4
891,Agent_0,"(9, 9)",3
891,Agent_1,"(9, 9)",1
891,Agent_2,"(9, 9)",3
891,Agent_3,"(9, 9)",1
892,Agent_0,"(9, 9)",3
892,Agent_1,"(9, 9)",1
892,Agent_2,"(9, 9)",-2
892,Agent_3,"(9, 9)",3
893,Agent_0,"(9, 9)",0
893,Agent_1,"(9, 9)",0
893,Agent_2,"(9, 9)",-2
893,Agent_3,"(9, 9)",2
894,Agent_0,"(9, 9)",0
894,Agent_1,"(9, 9)",3
894,Agent_2,"(9, 9)",-1
894,Agent_3,"(9, 9)",-1
895,Agent_0,"(9, 9)",0
895,Agent_1,"(9, 9)",3
895,Agent_2,"(9, 9)",1
895,Agent_3,"(9, 9)",2
896,Agent_0,"(9, 9)",3
896,Agent_1,"(9, 9)",3
896,Agent_2,"(9, 9)",1
896,Agent_3,"(9, 9)",1
897,Agent_0,"(9, 9)",2
897,Agent_1,"(9, 9)",-1
897,Agent_2,"(9, 9)",-1
897,Agent_3,"(9, 9)",3
898,Agent_0,"(9, 9)",-3
898,Agent_1,"(9, 9)",3
898,Agent_2,"(9, 9)",3
898,Agent_3,"(9, 9)",2
899,Agent_0,"(9, 9)",2
899,Agent_1,"(9, 9)",3
899,Agent_2,"(9, 9)",-2
899,Agent_3,"(9, 9)",2
900,Agent_0,"(9, 9)",3
900,Agent_1,"(9, 9)",0
900,Agent_2,"(9, 9)",-1
900,Agent_3,"(9, 9)",3
901,Agent_0,"(9, 9)",3
901,Agent_1,"(9, 9)",3
901,Agent_2,"(9, 9)",3
901,Agent_3,"(9, 9)",3
902,Agent_0,"(9, 9)",-1
902,Agent_1,"(9, 9)",3
902,Agent_2,"(9, 9)",3
902,Agent_3,"(9, 9)",1
903,Agent_0,"(9, 9)",3
903,Agent_1,"(9, 9)",-2
903,Agent_2,"(9, 9)",0
903,Agent_3,"(9, 9)",1
904,Agent_0,"(9, 9)",1
904,Agent_1,"(9, 9)",-1
904,Agent_2,"(9, 9)",0
904,Agent_3,"(9, 9)",3
905,Agent_0,"(9, 9)",1
905,Agent_1,"(9, 9)",1
905,Agent_2,"(9, 9)",1
905,Agent_3,"(9, 9)",-1
906,Agent_0,"(9, 9)",3
906,Agent_1,"(9, 9)",-1
906,Agent_2,"(9, 9)",-3
906,Agent_3,"(9, 9)",3
907,Agent_0,"(9, 9)",-1
907,Agent_1,"(9, 9)",3
907,Agent_2,"(9, 9)",3
907,Agent_3,"(9, 9)",2
908,Agent_0,"(9, 9)",2
908,Agent_1,"(9, 9)",0
908,Agent_2,"(9, 9)",1
908,Agent_3,"(9, 9)",3
909,Agent_0,"(9, 9)",3
909,Agent_1,"(9, 9)",3
909,Agent_2,"(9, 9)",-4
909,Agent_3,"(9, 9)",3
910,Agent_0,"(9, 9)",0
910,Agent_1,"(9, 9)",1
910,Agent_2,"(9, 9)",3
910,Agent_3,"(9, 9)",3
911,Agent_0,"(9, 9)",1
911,Agent_1,"(9, 9)",3
911,Agent_2,"(9, 9)",1
911,Agent_3,"(9, 9)",-2
912,Agent_0,"(9, 9)",1
912,Agent_1,"(9, 9)",2
912,Agent_2,"(9, 9)",1
912,Agent_3,"(9, 9)",-1
913,Agent_0,"(9, 9)",0
913,Agent_1,"(9, 9)",1
913,Agent_2,"(9, 9)",-1
913,Agent_3,"(9, 9)",-1
914,Agent_0,"(9, 9)",1
914,Agent_1,"(9, 9)",1
914,Agent_2,"(9, 9)",1
914,Agent_3,"(9, 9)",2
915,Agent_0,"(9, 9)",3
915,Agent_1,"(9, 9)",3
915,Agent_2,"(9, 9)",3
915,Agent_3,"(9, 9)",-1
916,Agent_0,"(9, 9)",1
916,Agent_1,"(9, 9)",3
916,Agent_2,"(9, 9)",-3
916,Agent_3,"(9, 9)",3
917,Agent_0,"(9, 9)",3
917,Agent_1,"(9, 9)",1
917,Agent_2,"(9, 9)",3
917,Agent_3,"(9, 9)",1
918,Agent_0,"(9, 9)",3
918,Agent_1,"(9, 9)",3
918,Agent_2,"(9, 9)",1
918,Agent_3,"(9, 9)",2
919,Agent_0,"(9, 9)",2
919,Agent_1,"(9, 9)",3
919,Agent_2,"(9, 9)",-1
919,Agent_3,"(9, 9)",3
920,Agent_0,"(9, 9)",1
920,Agent_1,"(9, 9)",3
920,Agent_2,"(9, 9)",1
920,Agent_3,"(9, 9)",-3
921,Agent_0,"(9, 9)",1
921,Agent_1,"(9, 9)",-1
921,Agent_2,"(9, 9)",-3
921,Agent_3,"(9, 9)",3
922,Agent_0,"(9, 9)",-1
922,Agent_1,"(9, 9)",3
922,Agent_2,"(9, 9)",-2
922,Agent_3,"(9, 9)",3
923,Agent_0,"(9, 9)",1
923,Agent_1,"(9, 9)",-3
923,Agent_2,"(9, 9)",-1
923,Agent_3,"(9, 9)",1
924,Agent_0,"(9, 9)",-2
924,Agent_1,"(9, 9)",3
924,Agent_2,"(9, 9)",1
924,Agent_3,"(9, 9)",2
925,Agent_0,"(9, 9)",2
925,Agent_1,"(9, 9)",-1
925,Agent_2,"(9, 9)",3
925,Agent_3,"(9, 9)",-1
926,Agent_0,"(9, 9)",0
926,Agent_1,"(9, 9)",3
926,Agent_2,"(9, 9)",3
926,Agent_3,"(9, 9)",3
927,Agent_0,"(9, 9)",3
927,Agent_1,"(9, 9)",2
927,Agent_2,"(9, 9)",1
927,Agent_3,"(9, 9)",-1
928,Agent_0,"(9, 9)",-1
928,Agent_1,"(9, 9)",3
928,Agent_2,"(9, 9)",3
928,Agent_3,"(9, 9)",3
929,Agent_0,"(9, 9)",-1
929,Agent_1,"(9, 9)",2
929,Agent_2,"(9, 9)",-2
929,Agent_3,"(9, 9)",1
930,Agent_0,"(9, 9)",3
930,Agent_1,"(9, 9)",3
930,Agent_2,"(9, 9)",3
930,Agent_3,"(9, 9)",3
931,Agent_0,"(9, 9)",3
931,Agent_1,"(9, 9)",3
931,Agent_2,"(9, 9)",2
931,Agent_3,"(9, 9)",-1
932,Agent_0,"(9, 9)",3
932,Agent_1,"(9, 9)",3
932,Agent_2,"(9, 9)",3
932,Agent_3,"(9, 9)",3
933,Agent_0,"(9, 9)",3
933,Agent_1,"(9, 9)",-4
933,Agent_2,"(9, 9)",-3
933,Agent_3,"(9, 9)",0
934,Agent_0,"(9, 9)",3
934,Agent_1,"(9, 9)",2
934,Agent_2,"(9, 9)",3
934,Agent_3,"(9, 9)",0
935,Agent_0,"(9, 9)",3
935,Agent_1,"(9, 9)",1
935,Agent_2,"(9, 9)",1
935,Agent_3,"(9, 9)",3
936,Agent_0,"(9, 9)",3
936,Agent_1,"(9, 9)",3
936,Agent_2,"(9, 9)",3
936,Agent_3,"(9, 9)",0
937,Agent_0,"(9, 9)",3
937,Agent_1,"(9, 9)",3
937,Agent_2,"(9, 9)",0
937,Agent_3,"(9, 9)",-3
938,Agent_0,"(9, 9)",1
938,Agent_1,"(9, 9)",1
938,Agent_2,"(9, 9)",1
938,Agent_3,"(9, 9)",3
939,Agent_0,"(9, 9)",1
939,Agent_1,"(9, 9)",-2
939,Agent_2,"(9, 9)",0
939,Agent_3,"(9, 9)",3
940,Agent_0,"(9, 9)",1
940,Agent_1,"(9, 9)",1
940,Agent_2,"(9, 9)",3
940,Agent_3,"(9, 9)",1
941,Agent_0,"(9, 9)",1
941,Agent_1,"(9, 9)",1
941,Agent_2,"(9, 9)",1
941,Agent_3,"(9, 9)",2
942,Agent_0,"(9, 9)",3
942,Agent_1,"(9, 9)",0
942,Agent_2,"(9, 9)",3
942,Agent_3,"(9, 9)",1
943,Agent_0,"(9, 9)",-2
943,Agent_1,"(9, 9)",3
943,Agent_2,"(9, 9)",-1
943,Agent_3,"(9, 9)",-1
944,Agent_0,"(9, 9)",3
944,Agent_1,"(9, 9)",3
944,Agent_2,"(9, 9)",-4
944,Agent_3,"(9, 9)",1
945,Agent_0,"(9, 9)",3
945,Agent_1,"(9, 9)",3
945,Agent_2,"(9, 9)",3
945,Agent_3,"(9, 9)",0
946,Agent_0,"(9, 9)",0
946,Agent_1,"(9, 9)",3
946,Agent_2,"(9, 9)",1
946,Agent_3,"(9, 9)",-1
947,Agent_0,"(9, 9)",-1
947,Agent_1,"(9, 9)",-7
947,Agent_2,"(9, 9)",1
947,Agent_3,"(9, 9)",2
948,Agent_0,"(9, 9)",-9
948,Agent_1,"(9, 9)",1
948,Agent_2,"(9, 9)",1
948,Agent_3,"(9, 9)",0
949,Agent_0,"(9, 9)",2
949,Agent_1,"(9, 9)",3
949,Agent_2,"(9, 9)",3
949,Agent_3,"(9, 9)",-1
950,Agent_0,"(9, 9)",-6
950,Agent_1,"(9, 9)",3
950,Agent_2,"(9, 9)",-2
950,Agent_3,"(9, 9)",1
951,Agent_0,"(9, 9)",-1
951,Agent_1,"(9, 9)",1
951,Agent_2,"(9, 9)",3
951,Agent_3,"(9, 9)",0
952,Agent_0,"(9, 9)",3
952,Agent_1,"(9, 9)",3
952,Agent_2,"(9, 9)",0
952,Agent_3,"(9, 9)",3
953,Agent_0,"(9, 9)",3
953,Agent_1,"(9, 9)",-1
953,Agent_2,"(9, 9)",3
953,Agent_3,"(9, 9)",3
954,Agent_0,"(9, 9)",3
954,Agent_1,"(9, 9)",1
954,Agent_2,"(9, 9)",0
954,Agent_3,"(9, 9)",0
955,Agent_0,"(9, 9)",1
955,Agent_1,"(9, 9)",2
955,Agent_2,"(9, 9)",-2
955,Agent_3,"(9, 9)",3
956,Agent_0,"(9, 9)",-1
956,Agent_1,"(9, 9)",3
956,Agent_2,"(9, 9)",0
956,Agent_3,"(9, 9)",2
957,Agent_0,"(9, 9)",1
957,Agent_1,"(9, 9)",1
957,Agent_2,"(9, 9)",2
957,Agent_3,"(9, 9)",3
958,Agent_0,"(9, 9)",2
958,Agent_1,"(9, 9)",0
958,Agent_2,"(9, 9)",-2
958,Agent_3,"(9, 9)",-1
959,Agent_0,"(9, 9)",1
959,Agent_1,"(9, 9)",2
959,Agent_2,"(9, 9)",3
959,Agent_3,"(9, 9)",-1
960,Agent_0,"(9, 9)",3
960,Agent_1,"(9, 9)",-2
960,Agent_2,"(9, 9)",3
960,Agent_3,"(9, 9)",3
961,Agent_0,"(9, 9)",0
961,Agent_1,"(9, 9)",3
961,Agent_2,"(9, 9)",3
961,Agent_3,"(9, 9)",1
962,Agent_0,"(9, 9)",3
962,Agent_1,"(9, 9)",1
962,Agent_2,"(9, 9)",2
962,Agent_3,"(9, 9)",3
963,Agent_0,"(9, 9)",2
963,Agent_1,"(9, 9)",3
963,Agent_2,"(9, 9)",-1
963,Agent_3,"(9, 9)",1
964,Agent_0,"(9, 9)",0
964,Agent_1,"(9, 9)",3
964,Agent_2,"(9, 9)",1
964,Agent_3,"(9, 9)",1
965,Agent_0,"(9, 9)",-2
965,Agent_1,"(9, 9)",1
965,Agent_2,"(9, 9)",1
965,Agent_3,"(9, 9)",1
966,Agent_0,"(9, 9)",1
966,Agent_1,"(9, 9)",-3
966,Agent_2,"(9, 9)",3
966,Agent_3,"(9, 9)",3
967,Agent_0,"(9, 9)",1
967,Agent_1,"(9, 9)",-1
967,Agent_2,"(9, 9)",3
967,Agent_3,"(9, 9)",1
968,Agent_0,"(9, 9)",-9
968,Agent_1,"(9, 9)",3
968,Agent_2,"(9, 9)",3
968,Agent_3,"(9, 9)",3
969,Agent_0,"(9, 9)",1
969,Agent_1,"(9, 9)",-2
969,Agent_2,"(9, 9)",1
969,Agent_3,"(9, 9)",-1
970,Agent_0,"(9, 9)",3
970,Agent_1,"(9, 9)",2
970,Agent_2,"(9, 9)",-1
970,Agent_3,"(9, 9)",3
971,Agent_0,"(9, 9)",-1
971,Agent_1,"(9, 9)",0
971,Agent_2,"(9, 9)",-1
971,Agent_3,"(9, 9)",0
972,Agent_0,"(9, 9)",3
972,Agent_1,"(9, 9)",-3
972,Agent_2,"(9, 9)",3
972,Agent_3,"(9, 9)",1
973,Agent_0,"(9, 9)",1
973,Agent_1,"(9, 9)",1
973,Agent_2,"(9, 9)",3
973,Agent_3,"(9, 9)",0
974,Agent_0,"(9, 9)",1
974,Agent_1,"(9, 9)",3
974,Agent_2,"(9, 9)",1
974,Agent_3,"(9, 9)",-2
975,Agent_0,"(9, 9)",-2
975,Agent_1,"(9, 9)",-1
975,Agent_2,"(9, 9)",1
975,Agent_3,"(9, 9)",1
976,Agent_0,"(9, 9)",3
976,Agent_1,"(9, 9)",3
976,Agent_2,"(9, 9)",-3
976,Agent_3,"(9, 9)",3
977,Agent_0,"(9, 9)",-1
977,Agent_1,"(9, 9)",-5
977,Agent_2,"(9, 9)",1
977,Agent_3,"(9, 9)",3
978,Agent_0,"(9, 9)",2
978,Agent_1,"(9, 9)",0
978,Agent_2,"(9, 9)",3
978,Agent_3,"(9, 9)",2
979,Agent_0,"(9, 9)",3
979,Agent_1,"(9, 9)",3
979,Agent_2,"(9, 9)",3
979,Agent_3,"(9, 9)",3
980,Agent_0,"(9, 9)",1
980,Agent_1,"(9, 9)",1
980,Agent_2,"(9, 9)",0
980,Agent_3,"(9, 9)",-1
981,Agent_0,"(9, 9)",3
981,Agent_1,"(9, 9)",1
981,Agent_2,"(9, 9)",-1
981,Agent_3,"(9, 9)",-1
982,Agent_0,"(9, 9)",2
982,Agent_1,"(9, 9)",-1
982,Agent_2,"(9, 9)",3
982,Agent_3,"(9, 9)",-1
983,Agent_0,"(9, 9)",-1
983,Agent_1,"(9, 9)",3
983,Agent_2,"(9, 9)",1
983,Agent_3,"(9, 9)",3
984,Agent_0,"(9, 9)",0
984,Agent_1,"(9, 9)",-1
984,Agent_2,"(9, 9)",2
984,Agent_3,"(9, 9)",1
985,Agent_0,"(9, 9)",0
985,Agent_1,"(9, 9)",1
985,Agent_2,"(9, 9)",1
985,Agent_3,"(9, 9)",-1
986,Agent_0,"(9, 9)",-3
986,Agent_1,"(9, 9)",2
986,Agent_2,"(9, 9)",2
986,Agent_3,"(9, 9)",-2
987,Agent_0,"(9, 9)",1
987,Agent_1,"(9, 9)",1
987,Agent_2,"(9, 9)",3
987,Agent_3,"(9, 9)",2
988,Agent_0,"(9, 9)",1
988,Agent_1,"(9, 9)",3
988,Agent_2,"(9, 9)",-3
988,Agent_3,"(9, 9)",-1
989,Agent_0,"(9, 9)",1
989,Agent_1,"(9, 9)",3
989,Agent_2,"(9, 9)",3
989,Agent_3,"(9, 9)",-3
990,Agent_0,"(9, 9)",-3
990,Agent_1,"(9, 9)",1
990,Agent_2,"(9, 9)",-1
990,Agent_3,"(9, 9)",3
991,Agent_0,"(9, 9)",1
991,Agent_1,"(9, 9)",3
991,Agent_2,"(9, 9)",3
991,Agent_3,"(9, 9)",3
992,Agent_0,"(9, 9)",-1
992,Agent_1,"(9, 9)",3
992,Agent_2,"(9, 9)",3
992,Agent_3,"(9, 9)",1
993,Agent_0,"(9, 9)",-1
993,Agent_1,"(9, 9)",2
993,Agent_2,"(9, 9)",3
993,Agent_3,"(9, 9)",3
994,Agent_0,"(9, 9)",-1
994,Agent_1,"(9, 9)",2
994,Agent_2,"(9, 9)",2
994,Agent_3,"(9, 9)",-4
995,Agent_0,"(9, 9)",1
995,Agent_1,"(9, 9)",0
995,Agent_2,"(9, 9)",3
995,Agent_3,"(9, 9)",1
996,Agent_0,"(9, 9)",-1
996,Agent_1,"(9, 9)",3
996,Agent_2,"(9, 9)",-3
996,Agent_3,"(9, 9)",-2
997,Agent_0,"(9, 9)",1
997,Agent_1,"(9, 9)",-3
997,Agent_2,"(9, 9)",1
997,Agent_3,"(9, 9)",1
998,Agent_0,"(9, 9)",1
998,Agent_1,"(9, 9)",-5
998,Agent_2,"(9, 9)",1
998,Agent_3,"(9, 9)",1
999,Agent_0,"(9, 9)",1
999,Agent_1,"(9, 9)",-2
999,Agent_2,"(9, 9)",1
999,Agent_3,"(9, 9)",3
1000,Agent_0,"(9, 9)",1
1000,Agent_1,"(9, 9)",3
1000,Agent_2,"(9, 9)",1
1000,Agent_3,"(9, 9)",2
